nama,waktu,rating,ulasan
Natalia Siregar,3 minggu lalu,5,"Cantik bangettt woii pantainya disiniiiii! Kalau kalian mau masuk  ke Pantai Baraknya harus bayar transportasi IDR 30K/person, soalnya kendaraan tidak diperbolehkan masuk sembarangan. Menurut aku bagus sih, supaya keindahannya tetap terjagaağŸ«¶ğŸ¼"
Nia S,3 bulan lalu,5,"mobil diparkir dipintu samping pantai buat masuk ke pandawany tersedia shuttle per 15 menit, untuk biaya masuk pantai lupa bayar berapanya tapi murah pastinya dan dikasih minuman mizone 1 perorang. buat pantainya masih original asri pokonya keren bangettttt"
Endah Wulan,3 minggu lalu,5,"Salah satu pantai indah dan terkenal di Kuta Selatan, Badung, Bali. Pantai berpasir putih dan warna air lautnya yang biru, jadi destinasi wisata pas main ke Bali. Sayangnya ke sini pas siang hari, jadi kerasa banget panasnya. Suasana lumayan sepi, cuma terlihat beberapa turis asing yang lagi berjemur. Banyak penjual makanan dan minuman di sisi pinggir pantai. Selain daya tarik pantainya sendiri yang indah, di sini juga berdiri bukit kapur yang megah. Ada tulisan besar â€œPantai Pandawaâ€ yang jadi hiasan di tebing bukit kapur yang tinggi."
Farras H,2 bulan lalu,5,"Pantai nya indah bangett, pasir putih dan ombaknya bagus. Dateng pas hari biasa bukan liburan jadi gak rame dan lebih enak buat dinikmati pemandangan nya."
Shinta Wardhani,3 bulan lalu,5,"Pas datang di pantai ini banyak sekali kerang-kerang di pasir jadi sakit ke kaki. Harus jalan nyusurin pesisir sampai dapat sisi yg pasirnya agak halus. Entrance fee org dewasa 10k, anak kecil 4k."
Riu Kaey,2 bulan lalu,5,"Sangat indah dilihat dari atas saat masih di jalan menuju ke bawah, patung pandawa menyapa dari awal pintu masuk. Tapi sayang samapi sana turun hujan jadi kurang bisa mengeksplor banyak spot yang ada. Semoga lain waktu."
Septyan Yayan,4 bulan lalu,5,"Bagus, HTM juga sangat terjangkau. Cuma 8rb per orang dan 5rb utk mobil. Udah mulai banyak resort, sehingga yg tidak bertujuan ke ressort ga boleh masuk sembarangan."
Akhmad Yusuf,3 bulan lalu,5,"Pantai Pandawa di Bali adalah salah satu destinasi wisata yang memukau dengan keindahan alamnya yang menawan. Terletak di kawasan Kutuh, Kabupaten Badung, pantai ini terkenal dengan pasir putihnya yang lembut, air laut yang jernih berwarna biru toska, serta tebing-tebing kapur menjulang tinggi yang memberikan suasana eksotis khas Bali.

Saat memasuki area pantai, Anda akan disambut oleh deretan patung Pandawa Lima yang diukir dengan indah pada dinding tebing. Patung-patung ini menggambarkan tokoh-tokoh legendaris dari Mahabharata dan menjadi ciri khas yang unik dari pantai ini. Selain menawarkan keindahan alam, Pantai Pandawa juga cocok untuk berbagai aktivitas, seperti berenang, bermain kano, bersantai di bawah payung pantai, atau sekadar menikmati pemandangan sambil berjalan di sepanjang garis pantai.

Pantai ini memiliki ombak yang relatif tenang, menjadikannya aman bagi keluarga dengan anak-anak. Bagi Anda yang menyukai olahraga air, tersedia layanan penyewaan kano untuk berkeliling menikmati laut yang tenang. Pengunjung juga dapat menikmati pijat tradisional di tepi pantai atau mencicipi kuliner lokal di warung-warung sekitar pantai.

Pantai Pandawa juga terkenal dengan suasananya yang bersih dan tertata rapi, sehingga memberikan pengalaman yang nyaman bagi wisatawan. Waktu terbaik untuk berkunjung adalah pagi atau sore hari, saat matahari tidak terlalu terik dan pemandangan matahari terbenam terlihat begitu memukau.

Dengan tiket masuk yang terjangkau, Pantai Pandawa menjadi destinasi wajib bagi siapa pun yang ingin menikmati keindahan pantai Bali dengan suasana yang tenang dan asri."
Yonathan Reubun,3 minggu lalu,5,Pantai bersih dan bagus. Datang saat laut pasang but is okay for that place.
Irma Nuu,4 bulan lalu,3,"Pantainya kotor banyak sampah, terlalu ramai warung pinggir pantai jadi terkesan kurang rapi, mungkin perlu di tata. Sayang sekali, sunsetnya jadi kurang estetik karena pantainya kotor"
Edoardo Decaprio,4 bulan lalu,5,"Suasana yy sangat bagus dan keren, cocok untuk liburam dan bermain , bisa sewa perahu kecil atau tempat untuk berjemur seperti bule2"
indana zulfa,2 bulan lalu,5,"pantai favorit di Bali, htm cuman 6k, pantai ucukup bersih
lokasi lumayan jauh dari pusat kota, ombak tidak terlalu besar"
Agus Sadeli,2 minggu lalu,5,Untuk kedua kalinya kesini. Dari bekasi ke Bali Pakai Motor. Sepertinya wajib kalo ke Bali ke pantai ini.
Dani Tri,6 bulan lalu,5,"Halo, teman-teman! Kali ini aku mau share pengalaman seru di Pantai Pandawa, Bali. Pantai ini punya pasir putih yang halus dan air laut yang jernih banget! Dari awal masuk, aku langsung terpesona dengan pemandangan tebing yang indah.

Fasilitas di sini juga cukup lengkap, mulai dari warung makan sampai tempat penyewaan perahu. Aktivitas yang seru di Pantai Pandawa adalah snorkeling dan bersantai di tepi pantai.

Tapi, perlu diingat, pantai ini cukup ramai di akhir pekan, jadi lebih baik datang pagi. Secara keseluruhan, Pantai Pandawa adalah tempat yang wajib dikunjungi! Aku kasih rating 9 dari 10. Sampai jumpa di review selanjutnya!"
Awang AM,2 bulan lalu,5,Pantai nya bagus rekomendasi tempat wisata penjaga ramah best place to healing
Novan MP,2 bulan lalu,5,"Suatu komplek kawasan Pantai yang indah.

Semoga tetap dijaga dan dirawat, terutama untuk toiletnya juga ğŸ˜"
Muhammad Mhmd,9 bulan lalu,5,"Pantainya sangat menakjubkan. Perpaduan warna pasir dan air lautnya luar biasa. Garis pantainya panjang. Kondisinya sangat bersih, rapi dan tertata. Tempat parkir banyak dan luas. Akses menuju pantai dari tempat parkir harus berjalan agak jauh. Tiket masuknya sendiri terjangkau. Fasilitas umum juga lengkap, ada mushola dan toilet."
Papapi Viti,4 bulan lalu,5,Pantai berpasir putih yang sangat cantik. Menyati dengan pantai tanah barak
Kuny Mahfudhoh,2 minggu lalu,5,Indah bersih pantainya... pasirnya putih namun ombaknya besar anak2 harus di pantau.
Andry Pebadja,3 bulan lalu,5,"Jalur menuju pantai dan landscape di sekitarnya sangat bagus, Â±30-40 mnt dari Denpasar, berpasir kuning dengan air yang jernih dan bersih, di sekitar pantai banyak restoran/warung makan, banyak spot foto baik di pinggir pantai maupun cliff di sekitar pantai. Cocok buat santai sambil menikmati sunrise maupun sunset. HTM 10k/org dan parkir 2k (motor) dan 5k (mobil)."
Bagus Raditya,6 bulan lalu,5,"Pantai Pandawa di Bali adalah salah satu destinasi pantai yang semakin populer di kalangan wisatawan lokal maupun internasional. Terletak di Bali Selatan, tepatnya di kawasan Bukit Peninsula, pantai ini menawarkan pemandangan alam yang memukau dengan pasir putih bersih dan air laut berwarna biru kehijauan. Salah satu hal yang paling memikat dari Pantai Pandawa adalah tebing-tebing kapur yang menjulang tinggi, membingkai jalan menuju pantai, di mana patung lima Pandawa dari kisah Mahabharata ditempatkan dengan megah di sepanjang tebing tersebut.

Pantai ini memiliki suasana yang relatif tenang, terutama dibandingkan dengan pantai-pantai Bali lainnya yang lebih ramai, seperti Kuta atau Seminyak. Ombaknya cukup tenang, sehingga cocok untuk berenang, bermain kano, atau sekadar berjemur di pantai. Bagi mereka yang mencari aktivitas olahraga air, tersedia pula penyewaan kano dan papan selancar untuk pemula.

Fasilitas di Pantai Pandawa cukup memadai dengan adanya warung-warung yang menjual makanan dan minuman, serta tempat penyewaan payung dan kursi pantai untuk bersantai. Ada juga area parkir yang luas dan akses jalan yang sudah sangat baik, sehingga membuat perjalanan menuju pantai nyaman dan mudah.

Satu hal yang menjadi daya tarik utama Pantai Pandawa adalah keindahan alamnya yang bersih dan asri. Pemandangan matahari terbenam di sini sangat spektakuler, menjadikannya tempat yang sempurna untuk menikmati sore hari dengan suasana yang damai dan romantis.

Namun, seiring dengan meningkatnya popularitas, pantai ini mulai sedikit lebih ramai dibanding beberapa tahun yang lalu. Meskipun demikian, Pantai Pandawa tetap mempertahankan pesona alamnya yang indah dan menjadi pilihan yang bagus bagi wisatawan yang ingin menikmati pantai yang lebih sepi dan menenangkan di Bali.

Secara keseluruhan, Pantai Pandawa adalah salah satu destinasi yang wajib dikunjungi saat berada di Bali, terutama bagi mereka yang mencari kombinasi antara keindahan alam, ketenangan, dan sedikit sentuhan budaya dengan adanya patung Pandawa yang ikonis."
Jonathan Reubun,3 minggu lalu,5,Pantai bersih dan datang saat ombak tinggi. Pengalaman touring bekasi - Pandawa. Mantabbbb
Adik Prasodjo,6 bulan lalu,5,Pantai yang populer untuk photo session.   Masuk kawasan pantai ini bayar ya.... 1 mobil 4 penumpang kena charge gak sampai 40 ribu rupiah.
Rasya Faishal,3 bulan lalu,4,"Pantainya indah, bagus, bersih, lautnya jernih dan biru. Tetapi sayangnya ada turis atau bule yang merusak pemandangan dengan cara berpakaian yang tidak sopan menurut budaya lokal kita."
bodysurya permana,8 bulan lalu,5,"Karcis 8rb/org
Parkir motor 2rb
Toilet 2k pipis,5rb mandi
Popmi 10rb
Sewa payung 50rb

Air pantai bersih.cocok untuk berenang dg anak2."
Ayu Willian,2 bulan lalu,5,Bagus sekali tiket masuk murah ğŸ˜
bonardo marpaung,9 bulan lalu,5,"Sejauh mata memandang, yang ada hanya laut dan laut. Pemandangan yang luar biasa. Mengunjunginya kembali setelah 11 tahun yang lalu, fasilitas jauh lebih bagus . Dan orang sekitar masih menyambut dengan senyum dan sapaan yang ramah, khas Bali."
Victoria Glutha,2 bulan lalu,5,"Cakeppp, bersih, penjual lokal2nya juga ramah2 buat ngalamun syahdu sekali"
Riana Ana,3 bulan lalu,5,"Pantai pasir putih bersih dan bagus,"
Wendrari Adventurous,9 bulan lalu,5,"Tiket masuk pantai Pandawa 8 ribu/orang. Mobil 5 ribu sudah termasuk parkir. Pantainya pasir putih, air lautnya jernih. Banyak warung yang berjualan makanan, pakaian pantai &amp; kelapa muda. Kelapa muda 20 ribu, sewa payung 50 ribu, sewa kano 1 jam 50 ribu. Satu kano bisa 3 orang. Dua dewasa 1 anak-anak. Tadi sempat makan soto ayam kampung, sotonya dicampur sayuran kol, saei putih &amp; wortel, ini seperti sop yaağŸ˜…
Ada toilet tapi tidak ada mushola. Warung kalau sudah maghtib banyak yang tutup. Jadi kalau pulang jangan sampai malam karena jalan rayanya gelap tidak ada lampu PJU.
sebaiknya sore klo ke pantai  pandawa udaranya sudah tidak panas."
Ahmad Zaini,3 minggu lalu,5,Bagus. Banyak spot foto bagus
Emi Nadiyah,3 bulan lalu,5,"Saya senang sekali di pantai Pandawa, bersih, nyaman, dan aman"
NAKAYOSHI GAKUIN,6 bulan lalu,5,"Pantai Pandawa adalah salah satu surga tersembunyi di Bali yang wajib dikunjungi! Dari saat saya tiba, saya langsung terpesona oleh pemandangan yang menakjubkan. Pantai ini dikelilingi oleh tebing yang megah dan airnya yang biru jernih, menciptakan suasana yang sempurna untuk bersantai.

**Suasana dan Pemandangan:**
Pantai ini menawarkan pasir putih yang halus dan ombak yang tenang, sangat ideal untuk berenang atau sekadar berjemur. Suara deburan ombak yang lembut dan angin sepoi-sepoi membuat pengalaman di sini semakin menyenangkan. Jika Anda mencari tempat untuk melepas stres, Pantai Pandawa adalah tempat yang tepat!

**Fasilitas:**
Fasilitas di Pantai Pandawa juga cukup baik. Ada berbagai warung yang menawarkan makanan dan minuman segar, serta penyewaan peralatan air seperti kayak dan parasailing. Ini memberikan banyak pilihan bagi pengunjung untuk menikmati aktivitas yang menyenangkan.

**Akses dan Lokasi:**
Akses jalan menuju Pantai Pandawa juga mudah dan hanya membutuhkan sedikit perjalanan dari area Kuta atau Ubud. Meskipun popularitasnya mulai meningkat, pantai ini masih bisa terasa tenang, terutama di sisi-sisi tertentu.

**Kesimpulan:**
Secara keseluruhan, Pantai Pandawa adalah tempat yang sempurna untuk menikmati keindahan alam Bali sambil bersantai dan bersenang-senang. Dengan pemandangan yang menakjubkan dan suasana yang damai, saya pasti akan kembali ke sini lagi! Sangat direkomendasikan bagi siapa saja yang mengunjungi BaliğŸ‡®ğŸ‡©"
Arini Sukma,2 bulan lalu,5,Sayang banget kesini pas hujan.. tapi tetep bagus banget pantainya ğŸ˜ğŸ˜
Deddy Kurniawan,5 bulan lalu,5,"Tempat yg indah di bali
Keren
Indah nya indonesiaku
Jaya selalu di darat, laut dan udara
Merdekaaa!!!"
Fazri Fathurahman,2 bulan lalu,5,"view Dan Pelayanannya Sangat bagus , Sangat puas"
Moch Fajar,2 minggu lalu,5,"Tempatnya nyaman, bayarnya murah, bagus banget disini, puaslah dari Sidoarjo ke sini"
Lukman Sulaiman,3 bulan lalu,5,indah bangt pemandangannya keren
Daniel Kukuh,9 bulan lalu,5,"Tiket masuk tidak terlalu mahal, ramai dan banyak mainan seperti kano, kapal, dan sejenisnya
Buat foto2 jg oke, santai2 menikmati suasana tambah oke
Sip banget"
Rosihan Fahmi,9 bulan lalu,5,Pantai yang sudah cukup populer di kawasan selatan pulau Bali. Dengan pasir putih dan pemandangan tebing disisi utaranya yang menjadi ciri khas. Tiket masih terjangkau dan area pantainya sangat luas. Sore hari waktu paling pas karena tidak terlalu terik dan nyaman meski semakin ramai terutama saat akhir pekan. Fasilitas parkir cukup memadai. Perlu pembenahan untuk area mushola bagi muslim karena terlalu sempit.
Nurhayati Samosir,6 bulan lalu,5,"Pelayanan ramah, tempatnya nyaman ramai cocok untuk keluarga untuk pantainya sendiri sebenarnya biasa aja malah terkesan agak kotor banyak sampah tapi so far so good sih untuk uang masuknya hanya 8000/orang parkir (kmaren kita naik motor) free."
Piers Nivans,5 bulan lalu,5,Pantai Pandawa Sangat Baik Untuk Menikmati Pandangan Pantai dan Tebing.
Susilo Purwanto,5 bulan lalu,4,Tempat wisata laut &amp; pantai yg bagus dan indah
Ivy Carolyne,2 tahun lalu,5,"Salah satu pantai favorite saya, lumayan jauh dari pusat kota, tapi sangat wajib dikunjungi! Better dateng pagi atau sore menjelang sunset biar ga panas. Biaya masuknya 8.000/orang dan 5.000 untuk mobil (Indonesian). Untuk duduk-duduk di bawah payung tendaan gitu perlu bayar 50.000 untuk 2 orang, harga kelapa 25.000. Lumayan pricey ya. Disekitaran banyak penjual baju dan oleh-oleh souvenir. Disini jarang sekali orang lokal, kebanyakan turis-turis asing. Pantainya bersih sekali, tetapi ombaknya tinggi-tinggi."
Yudsyah r,6 bulan lalu,4,"Bagian menuju pantainya menarik, tapi pantainya biasa saja"
xxzzh _,3 bulan lalu,4,"Sering banget ke bali, untuk sekedar refreshing, terakhir ke Pandawa 3 thn lalu, sudah banyak yang berubah"
samsul arts,3 bulan lalu,5,"Tiket 8k per orang, mobil 5k, makanan masih terjangkau"
esti khasanah,3 bulan lalu,5,Pantai dengan view yang bagus dan pasir putihnya
Suparman Yuliati,6 hari lalu,2,"Banyak warung di tepi pantai....
Tidak seperti dulu waktu tahun 2015 masih alami...."
ngurah kok,7 bulan lalu,5,Bagusnya hanya pada saat masuk kawasan ( jalan dan tebingnya ) dan pantainya  parkir bagus cman terlalu padat tempatnya para pedagang
radifun w,9 bulan lalu,5,"Pantai yang banyak dikunjungi temen saya, waktu kesana sekitar jam 4 wita, panas banget weeh ğŸ˜­, untung banyak tempat neduh jadi lumayan adem"
Lelly Fitriani,5 tahun lalu,4,"Tiket masuk Rp 8 ribu / orang. Jalan dari pintu masuk menuju ke pantai nya bagus, banyak tebing dan patung2 dewa. Air pantainya masih biru tetapi pondok2 kurang terawat serta dipungut biaya Rp 30-50 ribu. Kebersihan perlu ditingkatkan."
yuni maria,7 bulan lalu,5,"Ga seperti dulu,,,dulu pdahal pantai bersih dan pasir putih...sekarang banyak rumput laut di pinggir n sampahnya ya ampun,,,"
tsov soviana,3 minggu lalu,5,"Pantainya bagus, bersih dan ada sewa kano buat agak ketengah laut. Pantai msh bening banget airnya. Semoga begitu terus. Sampah tdk ada. Toilet gratis sedikit kebanyakan berbayar. Panasnya luar biasa disana."
Lucky Daniel,9 bulan lalu,5,"Sehat Selalu bapak ku biar bisa kita lihan Indonesia itu indah Keren abis bali itu pokokknya 27 november 2022
Touring bersama bapak tercinta â¤ï¸â¤ï¸"
Jaka Prasetya,5 bulan lalu,5,Pantai yg bagus bgt street view indah dtmbh lg paralayang yg hoby terbangğŸ˜‚ğŸ˜‚
Raja Sidabutar,5 bulan lalu,4,Ada skuter yang bisa disewa buat keliling pantai
Rama Saputra,2 tahun lalu,5,"Pantai pandawa merupakan salah satu pantai yang sangat saya kagumi keindahan nya, pantainya luas, banyak spot foto yang instagramable, destinasi ini sungguh cocok buat backpacker-an, aku saranin kesini saat pagi dikarenakan masih sepi jadi bisa foto sepuasnya tanpa  harus antri di spot foto.

Biaya masuknya sekitar 4 ribu - 8 ribu untuk turis lokal."
Kendo YF,3 bulan lalu,5,NitipğŸ˜… Bali memang bikin nyaman tapi Jawa tempat aku pulang ğŸ˜…ğŸ˜… well
Idiot Travelers,5 tahun lalu,5,"Pantai dengan tebing tebing yang indah, masuknya juga murah cuma 5 rb per orang dan parkir 5 rb..pengelolaan super banget fasilitas toilet, rest area, parkir, dan pusat dagang sudah terkelola dengan baik...kalo mau liat pasir putih laut biru jos aja kesini"
Syiidah Habibi,2 tahun lalu,5,"Pantai nya bagus, bersih juga. Harga topi dan pernak pernik yang dijual di sekitar pantai juga terjangkau gak trlalu mahal seperti di tempat lain. Sudah bertahun tahun yang lalu pengen kesini tp baru terealisasi di th 2023 ğŸ˜Š"
WADIH ARRASYID,3 tahun lalu,5,"Pantainya bagus, banyak spot untuk berfoto sayang sekali untuk di lewatkan, Tiket masuk terjangkau, harga makanan dan minuman di lokasi juga masih standar, jadi worth it lah untuk kantong yang lagi PPKM
Kalau merencanakan liburan kemari sangat cocok, apalagi view dari atas"
shammi raj,7 tahun lalu,5,"Pantai Pandawa Kutuh Bali â€“ Peta Lokasi &amp; Harga Tiket Masuk 2018

4.7Â (93.33%)Â 39Â votes

Pantai Pandawa, salah satu pantai pasir putih terkenal di Bali yang wajib dikunjungi. Pantai Pandawa terletak di Desa Kutuh, Kabupaten Badung dan lebih terkenal dikalangan wisatawan mancanegara khususnya Australia dengan nama secret beach. Sedangkan masyarakat lokal lebih mengenal dengan nama pantai Kutuh.

Saat ini, Pantai Pandawa Kutuh, tidak lagi didominasi oleh wisatawan asing. Malahan yang banyak berlibur di pantai Pandawa Kutuh adalah wisatawan domestik.

Setiap wisatawan yang mengunjungi pantai di desa Kutuh ini, akan terkesima dengan pemandangan pantai. Anda akan mendapatkan pasir putih yang bersih, serta ombak yang tenang, bebas dari polusi dan pedagang acung."
xavier dosreis,5 bulan lalu,5,Bisa sewa &amp; main kano disaat air surut
Handy Kusuma,2 tahun lalu,5,"Salah satu pantai bagus di Bali. Sekarang sudah cukup banyak pengunjung, tapi masih nyaman untuk didatangi. Cocok untuk menikmati suasana pantai dan suara ombak. Anginnya juga tidak terlalu kencang ketika pagi dan siang. Buat yang sudah lelah bermain, banyak juga tempat duduk dan warung disekitar pantai. Ada juga disewakan payung dan kursi pantai.
Tiket masuk 8k/org
Mobil 5rb/mobil"
Henry Tjan,8 bulan lalu,5,"Pantai pandawa agak kecil pasirnya, gak selebar melasti"
Ahmad Syeh,2 tahun lalu,5,"Pantai yg sangat populer d bali, pantainya bagus keren indah, pantai jg bersih untuk akses ke pantai jg mudah jalan k pantai sudah bagus aspal semua harga tiket masuk murah, banyak spot foto2 keren. Recomended liburan k pantai pandawa."
abil kurnia,7 tahun lalu,5,"Pantai yang cukup Indah, apa lagi kalo sore. Parkiran luas. Disekitar parkiran juga banyak terdapat toko/warung. Wajib dikunjungi saat berkunjung ke Bali"
putri bunda,2 minggu lalu,5,Recommended buat liburan santai
Santy Septian,3 tahun lalu,4,"Pemandangannya indah, kalau mau sewa kano juga ada dan harganya tidak mahal hanya 50k. Sangat indah untuk pemandangannya"
Exta Indra,6 tahun lalu,4,Pantai di Bali yang terkenal. Kalau di peta berada disisi paling selatan. Disini kita bisa bermain kano. Pantainya pasir putih &amp; cukup bersih. Pantainya panjang dan ombaknya tenang. Kalau menurut saya ini adalah pantai untuk wisatawan domestik seperti anak anak sekolah yang study tour naik bis dan rombongan bapak bapak ibu ibu biasanya di tujukan di sini. Jadi aman buat anak anak hehehehe.
ĞĞ½Ğ½Ğ° ĞšĞ¸Ñ€Ğ¸Ñ‡ĞµĞ½ĞºĞ¾,4 hari lalu,5,"(Diterjemahkan oleh Google) Pantai yang sangat sejuk dan bersih dengan pasir putih dan air yang sangat biru. Tempat yang bagus untuk bersantai - Anda dapat menyewa kursi berjemur dan menikmati makanan ringan di dekatnya. Suasananya hanya liburan!

(Asli)
ĞÑ‡ĞµĞ½ÑŒ ĞºÑ€ÑƒÑ‚Ğ¾Ğ¹ Ğ¸ Ñ‡Ğ¸ÑÑ‚Ñ‹Ğ¹ Ğ¿Ğ»ÑĞ¶ Ñ Ğ±ĞµĞ»Ñ‹Ğ¼ Ğ¿ĞµÑĞºĞ¾Ğ¼ Ğ¸ Ğ½ĞµĞ²ĞµÑ€Ğ¾ÑÑ‚Ğ½Ğ¾ Ğ³Ğ¾Ğ»ÑƒĞ±Ğ¾Ğ¹ Ğ²Ğ¾Ğ´Ğ¾Ğ¹. ĞÑ‚Ğ»Ğ¸Ñ‡Ğ½Ğ¾Ğµ Ğ¼ĞµÑÑ‚Ğ¾, Ñ‡Ñ‚Ğ¾Ğ±Ñ‹ Ñ€Ğ°ÑÑĞ»Ğ°Ğ±Ğ¸Ñ‚ÑŒÑÑ â€” Ğ¼Ğ¾Ğ¶Ğ½Ğ¾ Ğ°Ñ€ĞµĞ½Ğ´Ğ¾Ğ²Ğ°Ñ‚ÑŒ Ğ»ĞµĞ¶Ğ°ĞºĞ¸ Ğ¸ Ğ¿ĞµÑ€ĞµĞºÑƒÑĞ¸Ñ‚ÑŒ Ñ€ÑĞ´Ğ¾Ğ¼. ĞÑ‚Ğ¼Ğ¾ÑÑ„ĞµÑ€Ğ° Ğ¿Ñ€ÑĞ¼ Ğ¾Ñ‚Ğ¿ÑƒÑĞºĞ½Ğ°Ñ!"
Shubham Kanwal,3 hari lalu,5,"(Diterjemahkan oleh Google) Pantai ini adalah sebuah permata. Pasir putih dan air biru menciptakan suasana mengundang yang sempurna untuk relaksasi. Anda dapat bersantai di kursi berjemur yang disewa dan menikmati pilihan makanan ringan yang nyaman di dekatnya. Yang membuat perjalanan ini semakin istimewa adalah jalan menuju pantai. Menawarkan pemandangan menakjubkan dan patung 5 Pandawa yang legendaris. Sentuhan seni dan budaya ini menambah pesona unik pada pengalaman ini, menjadikannya lebih dari sekadar kunjungan ke pantai.

(Asli)
This beach is an gem. The white sand and blue water create a inviting atmosphere that's perfect for relaxation. You can unwind on rented sun loungers and enjoy convenient snack options nearby. What makes the journey even more special is the road leading to the beach. It offers stunning views and statues of the legendary 5 Pandavas. These artistic and cultural touches add a unique charm to the experience, making it more than just a beach visit."
gurhit sahni,3 minggu lalu,5,"(Diterjemahkan oleh Google) Mengunjungi pantai ini adalah salah satu bagian terbaik dari perjalanan kami ke Bali.
Banyak sekali kehebatan tempat ini, jalan menuju pantai sangat menakjubkan untuk fotografi, ada status 5 Pandawa.
Begitu banyak toko lokal yang harganya sangat terjangkau.
Kami melakukan kayak yang merupakan pengalaman hebat dan harganya sangat murah.
Karena kandungan terumbu karangnya, ombak di pantai ini sangat sedikit sehingga cocok untuk berenang.
Pantai ini masih belum banyak dikomersialkan seperti beberapa pantai lainnya sehingga kurang ramai dan sangat menyenangkan.

(Asli)
Visiting this beach was one of the best part of our trip to Bali.
So many great things about this place,road to the beach is amazing for photography,there are statuses of 5 Pandawas.
So many local shops which are very affordable.
We did kayaking which was a great experience and the price were so cheap.
Because of the coral reefs deposit,this beach gets very less waves so it's great for swimming.
This beach is still not heavily commericaliszed like some other beaches so it was less crowded and very enjoyable."
ayu tripio,4 bulan lalu,4,"(Diterjemahkan oleh Google) Kami datang cukup terlambat karena ini adalah pertama kalinya kami mengunjungi tempat ini, meskipun kami tidak benar-benar mendapatkan kesempatan untuk melihat matahari terbenam tetapi kami menikmati angin malam dan kehangatan pasir membuat kami tetap di sana untuk sementara waktu sebelum berjalan-jalan di sekitar area dan melihat patung terkenal Mahabharata yang Legendaris. Akan dengan senang hati melakukan kunjungan baru di masa depan :)

(Asli)
We came quite late as it is our first time visiting this place, although we didn't really get the chance to see the sunset but we do enjoy the evening breeze and the warmth from the sand is keeping us there for a while before strolling around the area and seeing in famous statue if the Legendary Mahabharata. Will be happy to make a new visit in the future :)"
tevfik gÃ¼neÅŸ,5 bulan lalu,3,"(Diterjemahkan oleh Google) Pertama-tama, Anda membayar 15k untuk masuk ke sini. Biaya kursi berjemur adalah 25k. Saya pergi pagi hari setelah hujan. Saya tidak bisa berenang karena ganggang. Tempat yang bagus untuk berselancar.

(Asli)
BaÅŸta buraya girmek iÃ§in 15k veriyorsunuz. Åezlong Ã¼creti 25k. YaÄŸmur yaÄŸdÄ±ktan sonraki sabah gittim. Yosunlar sayesinde yÃ¼zemedim. Surf iÃ§in harika bir yer."
Andini Claudia,6 bulan lalu,4,"(Diterjemahkan oleh Google) Pantai Pandawa merupakan pantai yang cukup bagus dengan pemandangan yang indah. Ada banyak aktivitas yang bisa Anda lakukan di sekitar pantai. Ada juga banyak restoran makanan laut. Ada beberapa tanda pantai dan Anda bisa berfoto di sana. Angin sepoi-sepoi sangat bagus. Ada banyak monyet juga di beberapa bagian kawasan, berhati-hatilah dengan barang bawaan Anda.

(Asli)
Pandawa beach is a pretty nice beach with nice view. There are many activities that you can do around the beach. There are also many seafood restaurants. There are some sign of the beach and you can take a picture there. The breeze just so good. There are a lot of monkeys as well in some part of the area, just be careful with your belongings."
ĞĞ»ĞµĞºÑĞ°Ğ½Ğ´Ñ€ ĞšĞ¾Ğ¼ÑÑ…Ğ¾Ğ²,5 bulan lalu,1,"(Diterjemahkan oleh Google) Pantai yang buruk! Dengan kondisi yang menjijikkan. Semua airnya tertutup alga. Pintu masuk airnya bercampur batu. Tidak ada tempat untuk makan. Biaya masuk dan biaya keluar ganda!!!! Sementara 200 meter terakhir menuju pintu keluar tetap harus berjalan kaki, tidak ada transfer.

(Asli)
Ğ£Ğ¶Ğ°ÑĞ½Ñ‹Ğ¹ Ğ¿Ğ»ÑĞ¶! Ğ¡ Ğ¾Ñ‚Ğ²Ñ€Ğ°Ñ‚Ğ¸Ñ‚ĞµĞ»ÑŒĞ½Ñ‹Ğ¼Ğ¸ ÑƒÑĞ»Ğ¾Ğ²Ğ¸ÑĞ¼Ğ¸. Ğ’Ğ¾Ğ´Ğ° Ğ²ÑÑ Ğ² Ğ²Ğ¾Ğ´Ğ¾Ñ€Ğ¾ÑĞ»ÑÑ…. Ğ’Ñ…Ğ¾Ğ´ Ğ² Ğ²Ğ¾Ğ´Ñƒ Ğ²Ğ¿ĞµÑ€ĞµĞ¼ĞµÑˆĞºÑƒ Ñ ĞºĞ°Ğ¼Ğ½ÑĞ¼Ğ¸. ĞŸĞ¾ĞºÑƒÑˆĞ°Ñ‚ÑŒ Ğ½ĞµĞ³Ğ´Ğµ. ĞŸĞ»Ğ°Ñ‚Ğ° Ğ·Ğ° Ğ²Ñ…Ğ¾Ğ´ Ğ¸ Ğ´Ğ²Ğ¾Ğ¹Ğ½Ğ°Ñ Ğ¿Ğ»Ğ°Ñ‚Ğ° Ğ·Ğ° Ğ²Ñ‹Ñ…Ğ¾Ğ´!!!! ĞŸÑ€Ğ¸ ÑÑ‚Ğ¾Ğ¼ Ğ¿Ğ¾ÑĞ»ĞµĞ´Ğ½Ğ¸Ğµ 200 Ğ¼ĞµÑ‚Ñ€Ğ¾Ğ² Ğ½Ğ° Ğ²Ñ‹Ñ…Ğ¾Ğ´ Ğ²ÑĞµ Ñ€Ğ°Ğ²Ğ½Ğ¾ Ğ¿ĞµÑˆĞºĞ¾Ğ¼ Ğ¸Ğ´Ñ‚Ğ¸, Ñ‚Ñ€Ğ°Ğ½ÑÑ„ĞµÑ€Ğ° Ğ½ĞµÑ‚."
Junghee Jun,3 bulan lalu,4,"(Diterjemahkan oleh Google) Saya tidak dapat mengapresiasinya dengan baik karena hujan, namun sungguh luar biasa dan sejuk. Ada biaya masuk ke pantai. Ada lagi tarif antar-jemput ke tebing. Ini seperti penipuan.

(Asli)
I couldn't appreciate it properly because it rained, but it was magnificent and cool. There is an entrance fee to the beach. There is another shuttle fare to the cliff. It's kind of like a rip-off."
Sveta B,3 bulan lalu,4,"(Diterjemahkan oleh Google) Pantainya indah. Tapi aku tidak suka pasirnya. Besar. Dicampur dengan batu. Ada banyak batu besar di laut. Pantai Melasti jauh lebih baik

(Asli)
ĞŸĞ»ÑĞ¶ ĞºÑ€Ğ°ÑĞ¸Ğ²Ñ‹Ğ¹. ĞĞ¾ Ğ¼Ğ½Ğµ Ğ½Ğµ Ğ¿Ğ¾Ğ½Ñ€Ğ°Ğ²Ğ¸Ğ»ÑÑ Ğ¿ĞµÑĞ¾Ğº. ĞšÑ€ÑƒĞ¿Ğ½Ñ‹Ğ¹. Ğ’ Ğ¿ĞµÑ€ĞµĞ¼ĞµÑˆĞºÑƒ Ñ ĞºĞ°Ğ¼Ğ½ÑĞ¼Ğ¸. Ğ’ Ğ¼Ğ¾Ñ€Ğµ Ğ¼Ğ½Ğ¾Ğ³Ğ¾ Ğ±Ğ¾Ğ»ÑŒÑˆĞ¸Ñ… ĞºĞ°Ğ¼Ğ½ĞµĞ¹. ĞŸĞ»ÑĞ¶ ĞœĞµĞ»Ğ°ÑÑ‚Ğ¸ Ğ»ÑƒÑ‡ÑˆĞµ Ğ² Ñ€Ğ°Ğ·Ñ‹"
Numan Manshuri,4 bulan lalu,5,"(Diterjemahkan oleh Google) Bagus banget pemandangannya, cuma sayang dari pagi hujan.. jadi pengen foto..

(Asli)
Sae pisan pemandangan na, mung hanyakal abi kadie ti enjing dipasihan hujan teueuren ampunnnnn... janten hoyong di foto teparuguh ach...."
prantik mitra,6 bulan lalu,4,"(Diterjemahkan oleh Google) Ini adalah bagian selatan Bali yang indah dan indah. Nama pantai ini diambil dari nama Panch Pandawa dari Mahabharat. Patung-patung indah mereka bisa Anda temukan di pinggir jalan menuju pantai. Mereka mengenakan biaya 30k untuk pasangan yang agak mahal tetapi pantainya indah dan bersih. Air di sini sangat jernih dan Anda juga bisa naik kayak dan pergi ke tempat pertemuan laguna dengan laut dan berfoto. Secara keseluruhan merekomendasikan.

(Asli)
This is a beautiful beautiful south of Bali. The beach is named after the Panch Pandavas from Mahabharat. You can find beautiful statues of them on the side of the road leading to the beach. They charge 30k for a couple which is a bit expensive but the beach is beautiful and clean. The water here is just crystal clear and you can also take a kayak and go to a short distance where the lagoon meets the sea and take pictures. Overall recommend."
Bang Bernard,5 bulan lalu,5,"(Diterjemahkan oleh Google) Biaya masuk Rp 8K untuk memasuki area pantai. Diperlukan biaya masuk tambahan sebesar Rp 25.000 per orang untuk mengakses tebing. Layanan antar-jemput tersedia untuk mengantar pengunjung ke area pengamatan, menawarkan pemandangan tebing dramatis yang menakjubkan. Disarankan untuk berkunjung di pagi hari untuk pengalaman yang lebih baik.

(Asli)
Entrance fee 8K IDR to enter the beach area. An additional 25,000 IDR entrance fee is required per person to access the cliffs. A shuttle service is available to transport visitors to the viewing area, offering breathtaking views of the dramatic cliffs. Recommended to visit in early morning for better experience."
ĞĞ½Ğ°ÑÑ‚Ğ°ÑĞ¸Ñ ĞŸĞ¾Ğ»ÑƒÑĞ½Ğ¾Ğ²Ğ°,6 bulan lalu,5,"(Diterjemahkan oleh Google) Kami berada di sini pada tahun 2022 pada Malam Tahun Baru. Agak jauh dari pantai utama (di sebelah kiri Anda bisa berjalan kaki ke sana) ada pantai kecil yang bersih dengan pasir halus dan air jernih.

(Asli)
Ğ‘Ñ‹Ğ»Ğ¸ Ğ·Ğ´ĞµÑÑŒ Ğ² 2022 Ğ³Ğ¾Ğ´Ñƒ Ğ² ĞĞ¾Ğ²Ñ‹Ğ¹ Ğ³Ğ¾Ğ´. Ğ§ÑƒÑ‚ÑŒ Ğ² ÑÑ‚Ğ¾Ñ€Ğ¾Ğ½Ğµ Ğ¾Ñ‚ Ğ¾ÑĞ½Ğ¾Ğ²Ğ½Ğ¾Ğ³Ğ¾ Ğ¿Ğ»ÑĞ¶Ğ° (ÑĞ»ĞµĞ²Ğ°, Ğ¼Ğ¾Ğ¶Ğ½Ğ¾ Ğ´Ğ¾Ğ¹Ñ‚Ğ¸ Ğ¿ĞµÑˆĞºĞ¾Ğ¼) ĞµÑÑ‚ÑŒ Ñ‡Ğ¸ÑÑ‚ĞµĞ¹ÑˆĞ¸Ğ¹ Ğ¿Ğ»ÑĞ¶Ğ¸Ğº Ñ Ğ¼ĞµĞ»ĞºĞ¸Ğ¼ Ğ¿ĞµÑĞºĞ¾Ğ¼ Ğ¸ Ñ‡Ğ¸ÑÑ‚Ğ¾Ğ¹ Ğ²Ğ¾Ğ´Ğ¾Ğ¹."
Marcos O,6 bulan lalu,4,"(Diterjemahkan oleh Google) Pantai yang bagus secara umum. Banyak Warung (bar pantai) untuk minum hampir kapan saja.
Hampir tidak ada orang Indonesia, kami hampir tidak melihat orang asing Barat.
Di dekat pantai ada â€œdataran tinggiâ€ batu dan lebih jauh lagi ada â€œpenghalangâ€. Hal ini menyebabkan ketika air pasang surut, terciptalah â€œlagunaâ€ yang membuat aktivitas berenang menjadi kurang sejuk. Namun saat itu Anda bisa menyewa kano untuk mengarungi â€œlagunaâ€ yang tercipta dari air saat berada di sana.

Masuk 15k dan mobil 5k

(Asli)
Buena playa en general. Mucha oferta de Warung (chiringuito) para tomar algo a casi cualquier hora.
Playa prÃ¡cticamente de Indonesios, apenas vimos extranjeros occidentales.
Cerca de la orilla hay una â€œmesetaâ€ de piedra y mÃ¡s alejado una â€œbarreraâ€. Esto causa que cuando baja la marea, se cree una â€œlagunaâ€ en la que al baÃ±o es menos guay. Pero en ese momento puedes alquilar una piragua para navegar por la â€œlagunaâ€ que crea el agua al quedarse.

Entrada 15k y coche 5k"
Hirotoshi Nabkrathok,7 bulan lalu,4,"(Diterjemahkan oleh Google) Tempat yang sangat bagus, suasana yang nyaman, pemandangan yang sangat indah. Ini adalah pantai di mana tidak banyak turis. Ada beberapa kegiatan yang dapat dilakukan seperti berenang, kayak, dan berselancar. Ada toko-toko dan restoran dalam satu tingkat. Air lautnya cukup jernih. dan lantainya berbatu seperti air terjun Pasirnya tidak seperti pantai pada umumnya, yang bisa membuat kaki Anda sakit. Ombaknya cukup kuat.

(Asli)
à¸ªà¸–à¸²à¸™à¸—à¸µà¹ˆà¹‚à¸­à¹€à¸„à¸”à¸µà¸¡à¸²à¸ à¸šà¸£à¸£à¸¢à¸²à¸à¸²à¸¨à¸”à¸µ à¸§à¸´à¸§à¸—à¸´à¸§à¸—à¸±à¸¨à¸™à¹Œà¸ªà¸§à¸¢à¸‡à¸²à¸¡à¸¡à¸²à¸à¹† à¹€à¸›à¹‡à¸™à¸«à¸²à¸”à¸—à¸µà¹ˆà¸™à¸±à¸à¸—à¹ˆà¸­à¸‡à¹€à¸—à¸µà¹ˆà¸¢à¸§à¹„à¸¡à¹ˆà¹„à¸”à¹‰à¹€à¸¢à¸­à¸°à¸¡à¸²à¸ à¸¡à¸µà¸à¸´à¸ˆà¸à¸£à¸£à¸¡à¹ƒà¸«à¹‰à¸—à¸³à¸­à¸¢à¸¹à¹ˆà¸šà¸²à¸‡à¸ªà¹ˆà¸§à¸™à¹€à¸Šà¹ˆà¸™ à¹€à¸¥à¹ˆà¸™à¸™à¹‰à¸³ à¸à¸²à¸¢à¹€à¸£à¸·à¸­à¸„à¸²à¸¢à¸±à¸„ à¹€à¸¥à¹ˆà¸™à¹€à¸‹à¸´à¸£à¹Œà¸Ÿ à¸¡à¸µà¸£à¹‰à¸²à¸™à¸„à¹‰à¸²à¹à¸¥à¸°à¸£à¹‰à¸²à¸™à¸­à¸²à¸«à¸²à¸£à¸ à¸²à¸¢à¹ƒà¸™à¸­à¸¢à¸¹à¹ˆà¸£à¸°à¸”à¸±à¸šà¸«à¸™à¸¶à¹ˆà¸‡ à¸™à¹‰à¸³à¸—à¸°à¹€à¸¥à¸ªà¸µà¸„à¹ˆà¸­à¸™à¸‚à¹‰à¸²à¸‡à¹ƒà¸ª à¹à¸¥à¸°à¸à¸·à¹‰à¸™à¹€à¸›à¹‡à¸™à¸«à¸´à¸™à¹€à¸«à¸¡à¸·à¸­à¸™à¸™à¹‰à¸³à¸•à¸ à¹„à¸¡à¹ˆà¹„à¸”à¹‰à¹€à¸›à¹‡à¸™à¸—à¸£à¸²à¸¢à¹à¸šà¸šà¸Šà¸²à¸¢à¸«à¸²à¸”à¸—à¸±à¹ˆà¸§à¹„à¸›à¸—à¸³à¹ƒà¸«à¹‰à¹€à¸ˆà¹‡à¸šà¹€à¸—à¹‰à¸²à¹„à¸”à¹‰ à¸„à¸¥à¸·à¹ˆà¸™à¸„à¹ˆà¸­à¸™à¸‚à¹‰à¸²à¸‡à¹à¸£à¸‡à¸¡à¸²à¸"
Maria Gutsch,9 bulan lalu,3,"(Diterjemahkan oleh Google) Pantainya sendiri cukup indah, namun kawasan pejalan kaki yang membentang di sepanjang pantai meninggalkan perasaan aneh bahwa tempat ini sudah ketinggalan zaman dan tidak berkembang sama sekali. Kontingen aneh dan kerumunan turis dibawa ke sana dengan bus besar. Saya tidak ingin kembali

(Asli)
The beach itself is quite beautiful, but the promenade that runs along the entire beach leaves a strange feeling that this place is outdated and not developed in any way. Strange contingent and crowds of tourists brought there in huge buses. I don't want to go back"
Zahra Baghestani,7 bulan lalu,4,"(Diterjemahkan oleh Google) Mereka menyewa kano di pantai ini. Tepatnya setelah jalan terkenal itu. Ada restoran dan toko di satu sisi dan kursi payung juga. Jalan menuju ke sana sangat indah dengan patung-patung.

(Asli)
They rent Canoe in this beach. It's just after that famous road. There are restaurants and shop in one side and umbrella chairs as well. The road to it it's so beautiful with statues."
Carlo Fumagalli,8 bulan lalu,4,"(Diterjemahkan oleh Google) Pantai kecil dan panjang dengan pasir. Banyak warung yang bagus dan murah! Anda membayar untuk turun seperti kebanyakan pantai! Direkomendasikan

(Asli)
Spiaggia piccola, lunga, con sabbia. Molti warung buoni ed economici! Paghi a scendere come molte spiaggie! Consigliata"
Vinay Puree,3 minggu lalu,4,"(Diterjemahkan oleh Google) Pantainya bersih rapi. Bagus untuk menghabiskan hari

(Asli)
Neat clean beach. Good for spending a day"
Mister Maddonz,4 bulan lalu,4,"(Diterjemahkan oleh Google) Datang ke sini jauh-jauh dari Jakarta untuk foto ini. Biaya masuknya 10rb. Pantainya bagus tapi saya tidak berlama-lama karena saat itu tengah hari. Aduh, aku cinta Bali.

(Asli)
Came here all the way from Jakarta for this shot. Entry fee was 10k. Beach was nice but I didn't linger for long since it was midday. Man, I love Bali."
Rajitha Kumarage,4 bulan lalu,5,"(Diterjemahkan oleh Google) Pantai yang bagus. Teman-teman yang bagus! Jangan lupa untuk mengambil beberapa foto yang menakjubkan!

(Asli)
Nice beach. Nice wiews! Do not forget to capture some awsome shots !"
Sripathi Reddy,5 bulan lalu,5,"(Diterjemahkan oleh Google) Saya memiliki pengalaman paling indah di sini. Tidak ada yang pernah memberitahuku. Selalu bermimpi untuk melayang tapi tidak pernah bisa. Di pantai biasa airnya menerpa kita dan tidak bisa mengapung. Tapi di sini ada air indah yang tidak terganggu ombak dan saya bisa mengapung dengan wajah menghadap ke atas. Hampir seperti yang terjadi di Laut Merah. Akan mencoba memposting video saya jika memungkinkan. Pengalaman terbaik dalam hidupku

(Asli)
I had most wonderful experience here. Nobody ever told me. Always had a dream to float but never could. On a normal beach the water hits us and cannot float. But here there was beautiful water that was undisturbed by waves and I could float with my face up. Almost like what happens in Red sea. Will try to post my video if possible. Best experience of my life"
Na Zi,5 bulan lalu,3,"(Diterjemahkan oleh Google) Pantai di Pandawa biasa saja. Pastinya asin dan aku jadi enggan masuk ^^ Aku hanya melihat dari jauh.

(Asli)
íŒë‹¤ì™€ëŠ” í•´ë³€ì€ ê·¸ëƒ¥ ê·¸ë˜ìš”. ì§ ë‚´ í™•ì‹¤í•˜ê³  ë“¤ì–´ê°€ê³  ì‹¶ì§€ëŠ” ì•Šì•˜ì–´ìš” ^^ ê·¸ëƒ¥ ë©€ë¦¬ì„œ êµ¬ê²½ë§Œ"
Denisa SzabadovÃ¡,2 bulan lalu,3,"(Diterjemahkan oleh Google) Pantainya indah, pelayanannya kurang, banyak sampah di sekitarnya

(Asli)
PlÃ¡Å¾ krÃ¡sna, sluÅ¾by chÃ½bajÃº, veÄ¾a odpadkov v okolÃ­"
taufik hidayat,4 bulan lalu,5,"(Diterjemahkan oleh Google) Pemandangannya bagus tapi pantainya berbatu jadi kurang nyaman untuk berenang.

(Asli)
Nice view but rocky beach so not comfortable for swimming."
Imam Rustadi,2 minggu lalu,5,"(Diterjemahkan oleh Google) Beberapa area masih dalam tahap pembangunan, namun ini akan menjadi pantai yang bagus di tahun-tahun mendatang.

(Asli)
Some area still under construction, but it will be the great beach in next view years."
Sujin Yoo,8 bulan lalu,4,"(Diterjemahkan oleh Google) Ini bagus untuk mendayung. Pemandangan indah dan air bersih. Anda dapat menggunakan tiket di sini untuk Pantai Batu Barak

(Asli)
It is good for paddling. Nice view and clean water. You can use the ticket here for Pantai Batu Barak"
Ğ¨ĞµÑ€ Ğ˜Ğ±Ñ€Ğ°Ğ³Ğ¸Ğ¼Ğ¾Ğ²,2 bulan lalu,5,"(Diterjemahkan oleh Google) Saya sangat menyukai pantai. Airnya bersih, pasir pantainya halus. Saya sangat merekomendasikan berkunjung

(Asli)
ĞÑ‡ĞµĞ½ÑŒ Ğ¿Ğ¾Ğ½Ñ€Ğ°Ğ²Ğ¸Ğ»ÑÑ Ğ¿Ğ»ÑĞ¶. Ğ’Ğ¾Ğ´Ğ° Ñ‡Ğ¸ÑÑ‚Ğ°Ñ, Ğ¿Ğ»ÑĞ¶ Ñ Ğ¼ĞµĞ»ĞºĞ¸Ğ¼ Ğ¿ĞµÑĞºĞ¾Ğ¼. ĞĞ±ÑĞ·Ğ°Ñ‚ĞµĞ»ÑŒĞ½Ğ¾ Ñ€ĞµĞºĞ¾Ğ¼ĞµĞ½Ğ´ÑƒÑ Ğ¿Ğ¾ÑĞµÑ‚Ğ¸Ñ‚ÑŒ"
Catherine Anderson,9 bulan lalu,5,"(Diterjemahkan oleh Google) Gambar berbicara sendiri...
Pasirnya lembut, 50 warna biru, tebingnya mengesankan...pantai ini mempesona ğŸ’™ wajib dikunjungi jika ke Bali

(Asli)
The pictures speak for themselves...
Soft sand, 50 shades of blue, impressive cliffs...this beach is breathtaking ğŸ’™ must go if you're in Bali"
Tiffany Tan,3 bulan lalu,4,"(Diterjemahkan oleh Google) Ini masih merupakan objek wisata yang bagus, Anda bisa berjalan-jalan dan melihatnya.
Dua sisi gunung itulah yang begitu indah.
Selebihnya tidak perlu dilihat-lihat, biasa saja.

(Asli)
è¿˜æ˜¯ä¸é”™çš„æ—…æ¸¸æ™¯ç‚¹ï¼Œå¯ä»¥èµ°èµ°çœ‹çœ‹ã€‚
å°±æ˜¯é‚£2è¾¹å±±â›°ï¸å¥½çœ‹ã€‚
å…¶å®ƒå¯ä»¥ä¸ç”¨çœ‹ğŸ‘€äº†ï¼Œå°±æ™®é€šã€‚"
Carmina LlauradÃ³,7 bulan lalu,4,"(Diterjemahkan oleh Google) Ini sangat panjang, dengan banyak bar pantai dengan tempat tidur gantung untuk makan atau minum. Ini memiliki jalan dengan dua potongan batu dan beberapa patung di mana banyak orang mengambil foto. Airnya bersih, cocok untuk mandi dan menghabiskan hari.

(Asli)
Es muy larga, con mucha oferta de chiringuitos con hamacas para comer o tomar algo. Tiene una carretera con dos cortes en la roca y algunas estatuas donde hay un montÃ³n de gente haciÃ©ndose fotos. El agua estÃ¡ limpia, estÃ¡ genial para baÃ±arse y pasar el dÃ­a."
Farras Hanif,9 bulan lalu,5,"(Diterjemahkan oleh Google) Pantainya tidak begitu bagus tapi pemandangan dari atas sangat bagus. Memiliki jalan unik di antara dua tebing yang menjadi spot foto bagus

(Asli)
The Beach is not so good but the view from above is great. It has a unique road between two cliffs which is a good photo spot"
Alfian55 Iannone,2 bulan lalu,5,"(Diterjemahkan oleh Google) Senang sekali saya sudah sampai di Pantai Pandawa. Saya sudah di sini 5 kali. Tapi kenapa tak pernah seramai Pantai Batu Bolong di CangguğŸ¤¨ğŸ¤”ğŸ˜’ğŸ˜

(Asli)
I'm So Glad I've Arrived at Pandawa Beach. I've been here 5 times. But why is it never as crowded as Batu Bolong Beach in CangguğŸ¤¨ğŸ¤”ğŸ˜’ğŸ˜"
K G,3 bulan lalu,5,"(Diterjemahkan oleh Google) Ini tempat yang bagus untuk datang dengan pemandangan laut dari bukit. Nikmati pantai

(Asli)
It's nice place to come with a sea view from the hill. Enjoy the beach"
Alla Krasochkina,7 bulan lalu,5,"(Diterjemahkan oleh Google) Kami menyukainya. Batu, batu, pasir sejuk, koral, kerang, kepiting! Hati-hati monyet, kamu harus waspada, tapi ini di awal pantai. Ada biaya masuk bahkan untuk anak-anak.

(Asli)
ĞĞ°Ğ¼ Ğ¿Ğ¾Ğ½Ñ€Ğ°Ğ²Ğ¸Ğ»Ğ¾ÑÑŒ . ĞšĞ°Ğ¼Ğ½Ğ¸, ÑĞºĞ°Ğ»Ñ‹, Ğ¿ĞµÑĞ¾Ğº ĞºĞ»Ğ°ÑÑĞ½Ñ‹Ğ¹ , ĞºĞ¾Ñ€Ğ°Ğ»Ğ»Ñ‹, Ñ€Ğ°ĞºÑƒÑˆĞºĞ¸ , ĞºÑ€Ğ°Ğ±Ñ‹! ĞÑÑ‚Ğ¾Ñ€Ğ¾Ğ¶Ğ½Ğ¾ , Ğ¾Ğ±ĞµĞ·ÑŒÑĞ½ĞºĞ¸ , Ğ·Ğ° Ğ²ĞµÑ‰Ğ°Ğ¼Ğ¸ Ğ½Ğ°Ğ´Ğ¾ ÑĞ»ĞµĞ´Ğ¸Ñ‚ÑŒ, Ğ½Ğ¾ ÑÑ‚Ğ¾ Ğ² Ğ½Ğ°Ñ‡Ğ°Ğ»Ğµ Ğ¿Ğ»ÑĞ¶Ğ°. Ğ’Ñ…Ğ¾Ğ´ Ğ¿Ğ»Ğ°Ñ‚Ğ½Ñ‹Ğ¹ Ğ´Ğ°Ğ¶Ğµ Ğ´Ğ»Ñ Ğ´ĞµÑ‚ĞµĞ¹."
Herga Ferdian,3 bulan lalu,5,Indahnya ciptaan Allah subhanahu wa ta'ala
marc yoon,8 bulan lalu,4,"(Diterjemahkan oleh Google) Biaya masuk sepeda adalah 15.000 rupiah. Memang tidak sekeren tampilannya di Instagram, tapi patut dikunjungi setidaknya sekali jika Anda bosan...

(Asli)
ë°”ì´í¬ì…ì¥ë£Œ 15,000ë£¨í”¼ì•„. ì¸ìŠ¤íƒ€ì—ì„œë§Œí¼ ë©‹ìˆì§„ì•Šì§€ë§Œ ì‹¬ì‹¬í•˜ë©´ í•œë²ˆì€ ê°€ë³¼ë§Œí•œì •ë„â€¦"
Kurt Hollstein,6 tahun lalu,3,"(Diterjemahkan oleh Google) Pemandangan indah dari tebing di jalan masuk. Namun, Anda dapat melihat banyak jeruji beton di tebing, menandakan sebuah hotel baru yang sangat besar!
Patung-patung tersebut tertanam di tebing-tebing sepanjang jalan menuju pantai. Pantai ini penuh dengan kios - sangat ramai turis...
Direkomendasikan secara kondisional!

(Asli)
Super Aussicht von den Klippen an der Zufahrt. Allerdings kann man sehr viele BetonstÃ¤be auf den Klippen erkennen, die auf ein neues, sehr groÃŸes Hotel hinweisen!
Entlang der Strasse, die zum Strand fÃ¼hrt sind Statuen in die Klippen eingelassen. Der Strand ist voll mit Buden - touristischer geht es nicht...
Bedingt empfehlenswert!"
Mara Duronslet,7 bulan lalu,3,"(Diterjemahkan oleh Google) Indah untuk dilihat dari atas - tapi hanya terumbu karang yang terbuka. berkendara yang keren

(Asli)
Beautiful to look at from above- but nothing but exposed reef. Cool drive"
Sha Othman,4 bulan lalu,5,"(Diterjemahkan oleh Google) Pemandangan yang sangat indah dan sejuk...

(Asli)
View yg sgt cantikkkk and breezy..."
Swapnali salgare,2 tahun lalu,5,"(Diterjemahkan oleh Google) Ini pantai terbaik di Bali selatan
Jalan menuju pantai ini sangat bagus, seperti melewati bebatuan
Batu tersebut berstatus pandwa di dalamnya.
Pantai mengenakan biaya masuk untuk kendaraan
Lalu jalannya sangat bagus
Pantai memiliki banyak toko untuk makan
Jajanan dan air kelapa akan Anda dapatkan di sini
Pantainya airnya jernih sekali
Kayak tersedia untuk naik air
Sangat ramai ketika kami mengunjungi beberapa bus kampus datang ke sini dan sangat ramai
Namun ada pula yang mengatakan ada sisi lain yang sangat kosong namun jalannya kurang bagus
Sangat berhati-hati saat masuk ke dalam air
Kami menikmati banyak hal di sini

(Asli)
This the best beach in south Bali
The road to this beach is very nice it is like you are going through rocks
The rock is having pandwa status inside it.
Beach has entry fee for vehicles
Then the road is very nice
Beach has lot of shops to eat
Snacks and coconut water you will get here
Beach is Crystal clear water
Kayak available for water ride
It was very crowded when we visited some college buses was came here and was very crowded
But some of says it has other side which is very empty but road is not so good
Very careful while into the water
We enjoyed lot here"
ĞĞ½Ğ¸ÑĞ¸Ğ¼Ğ¾Ğ² Ğ¡ĞµÑ€Ğ³ĞµĞ¹,2 tahun lalu,4,"(Diterjemahkan oleh Google) Tempatnya indah, tapi pantainya sendiri berpasir dan sangat berbatu, ada area kecil di mana Anda bisa berenang di air di bagian berpasir. Arusnya cukup kuat di beberapa tempat.

(Asli)
ĞœĞµÑÑ‚Ğ¾ ĞºÑ€Ğ°ÑĞ¸Ğ²Ğ¾Ğµ, Ğ½Ğ¾ ÑĞ°Ğ¼ Ğ¿Ğ»ÑĞ¶ Ñ€Ğ°ĞºÑƒÑˆĞµÑ‡Ğ½Ñ‹Ğ¹ Ğ¸ Ğ¾Ñ‡ĞµĞ½ÑŒ ĞºĞ°Ğ¼ĞµĞ½Ğ¸ÑÑ‚Ñ‹Ğ¹ ĞµÑÑ‚ÑŒ Ğ½ĞµĞ±Ğ¾Ğ»ÑŒÑˆĞ¾Ğ¹ ÑƒÑ‡Ğ°ÑÑ‚Ğ¾Ğº Ğ³Ğ´Ğµ Ğ¼Ğ¾Ğ¶Ğ½Ğ¾ Ğ¿Ğ¾ĞºÑƒĞ¿Ğ°Ñ‚ÑŒÑÑ Ğ² Ğ²Ğ¾Ğ´Ğµ Ğ² Ğ¿ĞµÑĞ¾Ñ‡Ğ½Ğ¾Ğ¹ Ñ‡Ğ°ÑÑ‚Ğ¸. Ğ¢ĞµÑ‡ĞµĞ½Ğ¸Ğµ Ğ´Ğ¾ÑÑ‚Ğ°Ñ‚Ğ¾Ñ‡Ğ½Ğ¾ ÑĞ¸Ğ»ÑŒĞ½Ğ¾Ğµ Ğ¼ĞµÑÑ‚Ğ°Ğ¼Ğ¸."
Elly Azim,5 tahun lalu,5,"(Diterjemahkan oleh Google) Tebing batu yang indah, pantai dan pemandangan.  Terletak di selatan Bali. Mudah dijangkau. Banyak spot yang bisa dijadikan tempat berfoto. Pertama, pengemudi kami berhenti di titik pengamatan. Kami naik untuk mengambil gambar. Berfoto di tengah jalan. Itu cantik. Ada beberapa patung di tebing.   Taman indah di sebelah kanan pandangan mampu menyejukkan perasaan dari suhu Pandawa yang super duper panas.  Penjual makanan &amp; payung ada di tepi pantai jika Anda membutuhkannya.
Tiket masuknya 8K untuk dewasa dan 4K untuk anak-anak. Ada pasar seni tepat setelah gerbang tiket

(Asli)
Beautiful rock cliff, beach and view.  Located at the south of Bali. Easy to reach. Many spots where you can take pictures. First our driver stopped at the look out point. We went up on to take picture. Take picture in the middle of the road. It is pretty. There some statues on the cliff.   The beautiful garden at the right hand sight could cool up the feeling from super duper hot temperature of Pandawa.  Food sellers &amp; umbrellas are by the beach if you need them.
Entrace ticket is 8K for adult and 4K for child. There is art market just after the ticket gate"
Angga Bachtiar,4 bulan lalu,5,"(Diterjemahkan oleh Google) Pemandangan indah dan pantai yang bagus untuk bermain bersama keluarga

(Asli)
Beautiful view and nice beach to play with family"
GeoffroyDiana AllDupKor,9 bulan lalu,1,"(Diterjemahkan oleh Google) Saya sangat tidak menyarankan pantai ini karena beberapa alasan.

Pertama-tama, tempat ini sering dikunjungi oleh wisatawan lokal dan para wanitanya berkerudung.

Para pria yang hadir membiarkan diri mereka memfilmkan wanita yang mengenakan pakaian renang, yang merupakan tindakan yang sangat kasar dan memalukan.

Selain itu, toiletnya berbayar dan sangat primitif, sehingga menambah ketidaknyamanan. Perhatikan juga sisi pantai mana yang Anda tuju.

Kami berada di sisi kanan, dan pengalaman itu sangat tidak menyenangkan.

Apalagi disini sampah plastik tidak dikumpulkan tapi dikubur, lihat videonya ğŸ˜±

Terima kasih untuk planet ini ğŸŒ ğŸ˜“

(Asli)
Je dÃ©conseille fortement cette plage pour plusieurs raisons.

Tout d'abord, elle est principalement frÃ©quentÃ©e par des touristes locaux et les femmes sont voilÃ©es.

Les hommes prÃ©sents se permettent de filmer les femmes en maillot de bain, ce qui est extrÃªmement impoli et gÃªnant.

De plus, les toilettes sont payantes et trÃ¨s primitives, ce qui ajoute Ã  l'inconfort. Faites Ã©galement attention au cÃ´tÃ© de la plage oÃ¹ vous allez.

Nous Ã©tions sur le cÃ´tÃ© droit, et l'expÃ©rience a Ã©tÃ© particuliÃ¨rement dÃ©sagrÃ©able.

De plus ici les dÃ©chets en plastique ne sont pas ramassÃ© mais enterrÃ© voir la vidÃ©o ğŸ˜±

Merci pour la planÃ¨te ğŸŒ ğŸ˜“"
Mohamed Arab,5 tahun lalu,5,"(Diterjemahkan oleh Google) Ini adalah salah satu pantai terindah di Selatan Bali.  Tempatnya terawat dengan baik dan airnya jernih.  Ombaknya terlalu kuat untuk berenang ketika saya di sana.  Ada banyak tempat bagus untuk mengambil foto yang sempurna.  Ada banyak restoran bagus yang juga menyajikan makanan laut segar.  Tempat yang bagus untuk menghabiskan hari.

(Asli)
This is one of the nicest beaches South of Bali.  The place is well-maintained and the water is crystal clear.  The waves are too strong for swimming when I was there.  There are lots of nice places to snap perfect photographs.  There are lots of nice restaurants too serving fresh seafood.  Great place to spend the day."
Kateryna Pshenychna,6 tahun lalu,5,"(Diterjemahkan oleh Google) Tempat yang sungguh menakjubkan. Airnya berwarna biru kehijauan dan pasirnya putih.
Namun untuk menikmati alam, dan bukan turis, Anda harus belok kiri menuju bebatuan.

Kursi berjemur 50t rupee untuk dua orang. Kelapa 25 ribu rupee.

Pasang surutnya kuat.

(Asli)
ĞŸÑ€Ğ¾ÑÑ‚Ğ¾ Ğ¿Ğ¾Ñ‚Ñ€ÑÑĞ°ÑÑ‰ĞµĞµ Ğ¼ĞµÑÑ‚Ğ¾. Ğ‘Ğ¸Ñ€ÑĞ·Ğ¾Ğ²Ğ°Ñ Ğ²Ğ¾Ğ´Ğ° Ğ¸ Ğ±ĞµĞ»Ñ‹Ğ¹ Ğ¿ĞµÑĞ¾Ğº.
ĞĞ¾ Ğ´Ğ»Ñ Ğ½Ğ°ÑĞ»Ğ°Ğ¶Ğ´ĞµĞ½Ğ¸Ñ Ğ¿Ñ€Ğ¸Ñ€Ğ¾Ğ´Ğ¾Ğ¹, Ğ° Ğ½Ğµ Ñ‚ÑƒÑ€Ğ¸ÑÑ‚Ğ°Ğ¼Ğ¸, Ğ½ÑƒĞ¶Ğ½Ğ¾ ÑƒÑ…Ğ¾Ğ´Ğ¸Ñ‚ÑŒ Ğ»ĞµĞ²ĞµĞµ Ğº ÑĞºĞ°Ğ»Ğ°Ğ¼.

Ğ›ĞµĞ¶Ğ°ĞºĞ¸ 50Ñ‚ Ñ€ÑƒĞ¿ Ğ½Ğ° Ğ´Ğ²Ğ¾Ğ¸Ñ…. ĞšĞ¾ĞºĞ¾Ñ 25 Ñ‚Ñ‹Ñ Ñ€ÑƒĞ¿.

ĞÑ‚Ğ»Ğ¸Ğ²Ñ‹ ÑĞ¸Ğ»ÑŒĞ½Ñ‹Ğµ.Ğ»ÑƒÑ‡ÑˆĞµ Ğ¿Ğ¾Ğ»ÑŒĞ·Ğ¾Ğ²Ğ°Ñ‚ÑŒÑÑ ĞºĞ°Ñ€Ñ‚Ğ¾Ğ¹ Ğ¾Ñ‚Ğ»Ğ¸Ğ²Ğ¾Ğ²."
ĞĞ»ÑŒĞ³Ğ° ĞŸĞ°Ğ½ĞºÑ€Ğ°Ñ‚Ğ¾Ğ²Ğ°,5 tahun lalu,5,"(Diterjemahkan oleh Google) Cantik sekali ğŸ˜ Kami berhenti di pantai selama beberapa jam.. Kami akhirnya menghabiskan sepanjang hari di sana ğŸ‘ Setelah membaca ulasan, kami langsung ke kanan, sampai ke tebing. Tidak banyak orang yang pergi ke sana. Hampir sepanjang waktu tempat itu sepi dan sepi. Sudah cukup kita melihat air pasang, air pasang, ombak, cipratan air ğŸ™ˆ Suara air laut yang bergolak sungguh menawan.
Tiket masuk ke pantai dikenakan biaya 30 t (untuk dua orang) + 5 t per mobil. Tempat parkirnya luas. Ada banyak ruang.
Kursi berjemur dan payung berharga 50 ton sepanjang hari. Terdapat area bermain anak-anak. Di bawah kanopi, di tempat teduh.
Setelah 14 jam air menjadi lebih tenang dan Anda sudah bisa berenang. Airnya bersih. Pintu masuknya sangat tidak nyaman, ada ombak batu, lebih baik membawa sepatu renang.

(Asli)
ĞĞĞÑ‡ĞµĞ½ÑŒ ĞºÑ€Ğ°ÑĞ¸Ğ²Ğ¾ ğŸ˜ Ğ—Ğ°ĞµÑ…Ğ°Ğ»Ğ¸ Ğ½Ğ° Ğ¿Ğ»ÑĞ¶ Ğ½Ğ° Ğ¿Ğ°Ñ€Ñƒ Ñ‡Ğ°ÑĞ¾Ğ².. Ğ’ Ğ¸Ñ‚Ğ¾Ğ³Ğµ Ğ¿Ñ€Ğ¾Ğ²ĞµĞ»Ğ¸ Ñ‚Ğ°Ğ¼ Ğ²ĞµÑÑŒ Ğ´ĞµĞ½ÑŒğŸ‘ ĞĞ°Ñ‡Ğ¸Ñ‚Ğ°Ğ²ÑˆĞ¸ÑÑŒ Ğ¾Ñ‚Ğ·Ñ‹Ğ²Ğ¾Ğ², Ğ¿Ğ¾ÑˆĞ»Ğ¸ ÑÑ€Ğ°Ğ·Ñƒ Ğ¶Ğµ Ğ² Ğ¿Ñ€Ğ°Ğ²ÑƒÑ ÑÑ‚Ğ¾Ñ€Ğ¾Ğ½Ñƒ, Ğ´Ğ¾ ÑĞ°Ğ¼Ğ¾Ğ³Ğ¾ ÑƒÑ‚ĞµÑĞ°. ĞĞ°Ñ€Ğ¾Ğ´Ğ° Ğ´Ğ¾Ñ…Ğ¾Ğ´Ğ¸Ñ‚ Ñ‚ÑƒĞ´Ğ° Ğ½Ğµ Ğ¾Ñ‡ĞµĞ½ÑŒ Ğ¼Ğ½Ğ¾Ğ³Ğ¾. ĞŸĞ¾Ñ‡Ñ‚Ğ¸ Ğ²ÑĞµ Ğ²Ñ€ĞµĞ¼Ñ Ğ±Ñ‹Ğ»Ğ¾ Ñ‚Ğ¸Ñ…Ğ¾ Ğ¸ Ğ±ĞµĞ·Ğ»ÑĞ´Ğ½Ğ¾. ĞĞ°ÑĞ¼Ğ¾Ñ‚Ñ€ĞµĞ»Ğ¸ÑÑŒ Ğ½Ğ° Ğ¿Ñ€Ğ¸Ğ»Ğ¸Ğ², Ğ¾Ñ‚Ğ»Ğ¸Ğ², Ğ²Ğ¾Ğ»Ğ½Ñ‹, Ğ±Ñ€Ñ‹Ğ·Ğ³Ğ¸ ğŸ™ˆ Ğ¨ÑƒĞ¼ Ğ±ÑƒÑ€Ğ»ÑÑ‰ĞµĞ³Ğ¾ Ğ¾ĞºĞµĞ°Ğ½Ğ° Ğ¿Ğ¾ĞºĞ¾Ñ€ÑĞµÑ‚.
Ğ’ÑŠĞµĞ·Ğ´ Ğ½Ğ° Ğ¿Ğ»ÑĞ¶ ÑÑ‚Ğ¾Ğ¸Ñ‚ 30 Ñ‚ ( Ğ½Ğ° Ğ´Ğ²Ğ¾Ğ¸Ñ…) + 5Ñ‚ Ğ·Ğ° Ğ¼Ğ°ÑˆĞ¸Ğ½Ñƒ. ĞŸĞ°Ñ€ĞºĞ¾Ğ²ĞºĞ° Ğ±Ğ¾Ğ»ÑŒÑˆĞ°Ñ. ĞœĞµÑÑ‚Ğ° Ğ¼Ğ½Ğ¾Ğ³Ğ¾.
Ğ›ĞµĞ¶Ğ°ĞºĞ¸ Ğ¸ Ğ·Ğ¾Ğ½Ñ‚ ÑÑ‚Ğ¾ÑÑ‚ 50 Ñ‚ Ğ½Ğ° Ğ²ĞµÑÑŒ Ğ´ĞµĞ½ÑŒ. Ğ•ÑÑ‚ÑŒ Ğ´ĞµÑ‚ÑĞºĞ°Ñ Ğ¸Ğ³Ñ€Ğ¾Ğ²Ğ°Ñ Ğ·Ğ¾Ğ½Ğ°. ĞŸĞ¾Ğ´ Ğ½Ğ°Ğ²ĞµÑĞ¾Ğ¼, Ğ² Ñ‚ĞµĞ½Ğ¸.
ĞŸĞ¾ÑĞ»Ğµ 14 Ñ‡Ğ°ÑĞ¾Ğ² Ğ²Ğ¾Ğ´Ğ° ÑÑ‚Ğ°Ğ½Ğ¾Ğ²Ğ¸Ñ‚ÑÑ Ñ‚Ğ¸ÑˆĞµ Ğ¸ ÑƒĞ¶Ğµ Ğ¼Ğ¾Ğ¶Ğ½Ğ¾ Ğ¿Ğ¾Ğ¿Ğ»Ğ°Ğ²Ğ°Ñ‚ÑŒ. Ğ’Ğ¾Ğ´Ğ° Ñ‡Ğ¸ÑÑ‚Ğ°Ñ. Ğ’Ñ…Ğ¾Ğ´ Ğ½Ğµ ÑĞ¾Ğ²ÑĞµĞ¼ ÑƒĞ´Ğ¾Ğ±Ğ½Ñ‹Ğ¹, Ğ²Ğ¾Ğ»Ğ½Ğ°Ğ¼Ğ¸ Ğ½Ğ°Ğ½Ğ¾ÑĞ¸Ñ‚ ĞºĞ°Ğ¼Ğ½ĞµĞ¹, Ğ»ÑƒÑ‡ÑˆĞµ Ğ·Ğ°Ñ…Ğ²Ğ°Ñ‚Ğ¸Ñ‚ÑŒ Ñ ÑĞ¾Ğ±Ğ¾Ğ¹ Ğ¾Ğ±ÑƒĞ²ÑŒ Ğ´Ğ»Ñ Ğ¿Ğ»Ğ°Ğ²Ğ°Ğ½Ğ¸Ñ."
Aman Saxena,4 bulan lalu,3,"(Diterjemahkan oleh Google) Jalan menuju pantai ini luar biasa, akan memberi Anda banyak spot yang layak untuk difoto. Namun pantainya tidak begitu bagus. Ada beberapa toko atau bar untuk mendapatkan minuman dan bersantai.

(Asli)
The road leading to the beach is awesome, will give you a lot of picture worthy spots. However the beach is not that good. There are a few shops or and bars to get drinks from and chill."
Alfiah Masyitoh,6 tahun lalu,5,"(Diterjemahkan oleh Google) Ini adalah pantai terindah yang pernah saya lihat. Bluewater dan ombaknya sangat menyenangkan. Membeli lelah dan memberi energi baru. Pandawa tidak memiliki tanda dari jalan pertama karena pantai ini masih baru dan hanya terdapat sedikit bangunan di tepi pantai. Lokasi pantai ini berada di puncak dan bukan tempat yang ramai sehingga bagi pengunjung yang tidak suka banyak orang wajib ada disini. Untuk tiketnya saya beli 8rb rupiah untuk 1 orang dan 2rb rupiah untuk parkir motor. tersedia beberapa restoran di pinggir pantai

(Asli)
This is the most beautiful beach I've ever seen. Bluewater and the wave such good pleasure. Purchasing the tired and giving new energy. Pandawa didn't have a sign from the first road because of this beach is new and just has little building on the beach. This beach locating in the peak and that's not a crowded place so for the visitor that don't like much people you must be right here. For the ticket, I purchase 8k rupiah for 1 person and 2k rupiah for the motorcycle park. available few restaurants on the side of the beach"
Fareha Zulkefli,4 tahun lalu,5,"(Diterjemahkan oleh Google) Kalau datang musim panas pantai ini hampir habis terjual, langitnya biru, ombak lautnya indah dan bersih, untuk masuk ke pantai ini harus bayar, tapi lupa berapa tarif bayatrannya. Jika Anda datang sendiri dengan skuter, Anda bisa. Saya ingin menyewa sopir untuk mengantar saya karena sulitnya saya sampai ke pantai karena harus naik bukit. Namun disarankan untuk datang walaupun sebagian besar pantai di Bali sama.

(Asli)
Pantai ni kalau datang masa musim panas, perghhh emang layan habis, langit membiru, ombak laut pun cantik dan bersih, nak masuk pantai ni kena bayar cuma saya lupa berapa bayatran yang dikenakan. Kalau datang sendiri naik scooter punboleh. Nak hire driver untuk bawa pun boleh sebab bagi saya nak sampai ke pantai ni mencabar juga sebab kena naik bukit. Tapi recommended untuk datang walaupun mostly kebanyakan pantai di bali adalah sama."
Cucini Laundry,3 tahun lalu,5,"(Diterjemahkan oleh Google) Airnya jernih dengan pasir putih lembut.
Sangat ramah anak-anak.
Tempat selancar, kano.
Banyak warung lokal yang menjual kelapa segar.
Ada biaya masuk.
Ada satu klub pantai.
Saya sarankan untuk mengambil sisi kiri karena tidak terlalu ramai dan dekat dengan pancuran.
Ruang parkir besar.

(Asli)
Crystal clear water with white soft sands.
Very kids friendly.
Surfing spot, canoeing.
Many local warungs sells fresh coconut.
There is entry fee.
There is one beach club.
I suggest to take the left side since it is less crowded and close to shower.
Big parkinh space."
Lynn Wong,8 tahun lalu,2,"(Diterjemahkan oleh Google) Banyaknya konstruksi, banyaknya calo - sangat tidak menyarankan rata-rata turis untuk datang ke sini. Pantai tidak ada yang spektakuler (tertutup oleh peralatan olahraga air, sampah, dll) dan tebingnya, meskipun menarik, ditutupi dengan perancah yang benar-benar menghancurkan segala jenis pemandangan. Kudengar ada bagian yang bagus tapi sungguh tidak bisa menemukannya. Sarannya adalah mengemudi sendiri atau mendapatkan panduan - layanan taksi di sini TIDAK bermeter dan sebagian besar taksi tidak mau masuk. Percayalah ada hotel yang akan datang ke sini tetapi tidak yakin apakah itu benar.

(Asli)
Much construction, terrible number of touts - strongly discourage the average tourist from coming here. Beach is nothing spectacular (covered by water sports equipment, trash etc) and the cliffs, while interesting, are covered with scaffolding which completely destroyed any kind of proper view. Heard there's a section that's great but really couldn't find it. Suggestion is to self drive or get a guide - the cab service here is NOT metered and most cabs wouldn't come in. Believe there's a hotel upcoming here but not sure if that's true."
Ğ¡Ğ²ĞµÑ‚Ğ»Ğ°Ğ½Ğ° Ğ“Ğ¾Ğ½Ñ‡Ğ°Ñ€Ğ¾Ğ²Ğ°,5 tahun lalu,3,"(Diterjemahkan oleh Google) Tempatnya bagus untuk foto, pantainya kelihatan bagus, tapi selalu ramai orang, berenang juga kurang nyaman. Banyak kafe dan toko murah. Kami ke kanan sampai orangnya sedikit dan berenang dengan baik, airnya bersih, ada video seluruh dasarnya. Tempatkan sekali saja dan jangan ambil foto lagi.

(Asli)
ĞšÑ€Ğ°ÑĞ¸Ğ²Ğ¾Ğµ Ğ¼ĞµÑÑ‚Ğ¾ Ğ´Ğ»Ñ Ñ„Ğ¾Ñ‚Ğ¾Ñ‡ĞµĞº , Ğ¿Ğ»ÑĞ¶ Ñ Ğ²Ğ¸Ğ´Ñƒ Ğ½ĞµĞ¿Ğ»Ğ¾Ñ…Ğ¾Ğ¹, Ğ½Ğ¾ Ğ²ÑĞµĞ³Ğ´Ğ° ĞµÑÑ‚ÑŒ Ğ½Ğ¾) Ğ¾Ñ‡ĞµĞ½ÑŒ Ğ¼Ğ½Ğ¾Ğ³Ğ¾ Ğ»ÑĞ´ĞµĞ¹ , ĞºÑƒĞ¿Ğ°Ñ‚ÑŒÑÑ Ñ‚Ğ¾Ğ¶Ğµ Ğ½Ğµ ÑĞ¾Ğ²ÑĞµĞ¼ ÑƒĞ´Ğ¾Ğ±Ğ½Ğ¾. ĞœĞ½Ğ¾Ğ³Ğ¾ Ğ½Ğµ Ğ´Ğ¾Ñ€Ğ¾Ğ³Ğ¸Ñ… ĞºĞ°Ñ„ĞµÑˆĞµĞº Ğ¸ Ğ¼Ğ°Ğ³Ğ°Ğ·Ğ¸Ğ½Ğ¾Ğ². ĞœÑ‹ Ğ¿Ğ¾ÑˆĞ»Ğ¸ Ğ¿Ñ€Ğ°Ğ²ĞµĞµ Ğ¿Ğ¾ĞºĞ° Ğ»ÑĞ´ĞµĞ¹ ÑĞ¾Ğ²ÑĞµĞ¼ Ğ¼Ğ°Ğ»Ğ¾ Ğ½Ğµ ÑÑ‚Ğ°Ğ»Ğ¾ Ğ¸ Ğ½ĞµĞ¿Ğ»Ğ¾Ñ…Ğ¾ Ğ¸ÑĞºÑƒĞ¿Ğ°Ğ»Ğ¸ÑÑŒ, Ğ²Ğ¾Ğ´Ğ° Ñ‡Ğ¸ÑÑ‚Ğ°Ñ Ğ±Ñ‹Ğ»Ğ° , Ğ±Ñ‹Ğ»Ğ¾ Ğ²Ğ¸Ğ´ĞµĞ¾ Ğ²ÑĞµ Ğ´Ğ½Ğ¾. ĞœĞµÑÑ‚Ğ¾ Ğ½Ğ° Ğ¾Ğ´Ğ¸Ğ½ Ñ€Ğ°Ğ· Ğ¸ ÑĞ´ĞµĞ»Ğ°Ñ‚ÑŒ Ñ„Ğ¾Ñ‚Ğ¾ Ğ½Ğµ Ğ±Ğ¾Ğ»ĞµĞµ."
SIVAPRASAD BC,5 tahun lalu,5,"(Diterjemahkan oleh Google) Pantai-pantai di Bali seindah apapun yang bisa Anda lihat dan alami. Pantai Pandawa berdiri kokoh di antara mereka karena gunung yang mengelilinginya dan usaha luar biasa manusia yang mengukir 5 patung indah dari Mitologi Hindu.  Pemandangan laut yang menakjubkan dari tebing batu sungguh indah dan Anda akan mengagumi keindahan yang ditampilkan di depan mata Anda.
Jangan pernah lupa untuk membawa banyak tabir surya dan air, karena saya jamin tidak ada tempat bagi Anda untuk bersembunyi dari sinar matahari.

(Asli)
Beaches in Bali are as beautiful as anything you can see and experience. The Pandawa Beach stands stall among them because of the mountain that surrounds it and the amazing human effort that carved 5 wonderful statues from the Hindu Mythology.  The amazing view of the sea from rock cliff is wonderful and you will admire the beauty it showcases in front of your eyes.
Never forget to bring in lot of sunscreen and water with you, as I promise you there is no place for you to hide from the sun."
Roman Gutikov,4 tahun lalu,4,"(Diterjemahkan oleh Google) Pantai yang menarik, agak mengingatkan pada melasti, tapi di sini Anda bisa berselancar.  Tiket masuk selalu berbayar.  Hati-hati, di sini ada arus balik dan ada kemungkinan Anda tersedot ke lautan.  Ada bagian yang lebih ramai dikunjungi turis, dan jika Anda bergerak ke kiri, ada tempat yang lebih liar.  Ada beberapa kafe dan toko mini tempat Anda bisa membeli makanan ringan.

(Asli)
An interesting beach, somewhat reminiscent of melasti, but here you can go surfing.  Always paid entrance.  Be careful, there is a reverse flow here and there is a possibility that you will be sucked into the ocean.  There is a more touristy part, and if you move to the left, there are wilder places.  There are several cafes and mini shops where you can buy snacks."
Reza Hidayatullah,6 tahun lalu,4,"(Diterjemahkan oleh Google) Rute menuju pantai sedikit lebih kecil. Tata letak tempat parkir dan lain-lain lebih baik daripada terakhir kali saya mengunjungi pantai ini. Secara keseluruhan pantai ini tidak terlalu bersih, namun lebih bersih dibandingkan pantai lain di Bali. Wisatawannya kebanyakan lokal dan domestik. Tidak banyak penginapan atau hotel di sekitar. Dan lokasi pantainya sangat jauh dari pusat kota atau fasilitas terdekat.

(Asli)
Route to the beach is a little bit smaller. The layouting for parking space and etc was better than the last time i visited this beach. Overall the beach is not quite clean, but cleaner than the other beach in bali. The tourist is mostly local and domestic. Not so many lodge or hotel around. And the beach is located so far from the city center or to the nearest facility."
Yianne Peng,2 tahun lalu,5,"(Diterjemahkan oleh Google) Ini hampir menjadi resor pantai favorit di kalangan penduduk lokal Indonesia.
Terdapat tiket masuk sebesar Rp8000 per orang
Biaya kendaraan dihitung secara terpisah

(Asli)
å¹¾ä¹æ˜¯å°å°¼æœ¬åœ°äººæœ€æ„›çš„æµ·ç˜åº¦å‡å‹åœ°
æœ‰å…¥é–€ç¥¨rp8000ä¸€å€‹äºº
è»Šè¼›è²»ç”¨å¦å¤–è¨ˆç®—"
Tasia Shri,3 tahun lalu,5,"(Diterjemahkan oleh Google) Saat itu air surut di pantai pada malam hari. Tidak terlalu bagus untuk berenang saat ini. Tapi sangat indah, tidak ramai. Sebuah pantai dengan daya tarik tersendiri. Kami menyukai suasananya. Anda tidak bisa melihat matahari terbenam, tapi tetap indah.

(Asli)
ĞĞ° Ğ¿Ğ»ÑĞ¶Ğµ Ğ±Ñ‹Ğ»Ğ¸ Ğ² Ğ¾Ñ‚Ğ»Ğ¸Ğ², Ğ²ĞµÑ‡ĞµÑ€Ğ¾Ğ¼. Ğ”Ğ»Ñ ĞºÑƒĞ¿Ğ°Ğ½Ğ¸Ñ Ğ² ÑÑ‚Ğ¾ Ğ²Ñ€ĞµĞ¼Ğ¯ Ğ½Ğµ Ğ¾Ñ‡ĞµĞ½ÑŒ Ñ…Ğ¾Ñ€Ğ¾Ñˆ. ĞĞ¾ Ğ¾Ñ‡ĞµĞ½ÑŒ ĞºÑ€Ğ°ÑĞ¸Ğ²Ñ‹Ğ¹, Ğ¼Ğ°Ğ»Ğ¾Ğ»ÑĞ´Ğ½Ñ‹Ğ¹. ĞŸĞ»ÑĞ¶ ÑĞ¾ ÑĞ²Ğ¾Ğ¸Ğ¼ ÑˆĞ°Ñ€Ğ¼Ğ¾Ğ¼. ĞĞ°Ğ¼ Ğ¿Ğ¾Ğ½Ñ€Ğ°Ğ²Ğ¸Ğ»Ğ°ÑÑŒ Ğ°Ñ‚Ğ¼Ğ¾ÑÑ„ĞµÑ€Ğ°. Ğ—Ğ°ĞºĞ°Ñ‚Ğ° Ğ½Ğµ Ğ²Ğ¸Ğ´Ğ½Ğ¾, Ğ½Ğ¾ Ğ²ÑĞµ Ñ€Ğ°Ğ²Ğ½Ğ¾ ĞºÑ€Ğ°ÑĞ¸Ğ²Ğ¾."
K K,5 bulan lalu,3,"(Diterjemahkan oleh Google) Berasal dari Australia, pasirnya tidak selembut dan terlalu banyak rumput laut/kayu apung untuk berenang. Mungkin karena baru saja terjadi badai (November). Meskipun itu adalah bonus bagi kami karena ada bus antar-jemput gratis dari hotel kami ke klub pantai terdekat. Mungkin tidak akan berkunjung lagi.

(Asli)
Coming from Australia, the sand is not as soft and too much kelp / driftwoods for a swim. Maybe because it was just after the storm (November). Though it was a bonus for us as there was a free shuttle bus from our hotel to the beach club nearby. Probably wonâ€™t visit again."
Ğ¡Ğ²ĞµÑ‚Ğ»Ğ°Ğ½Ğ° Ğ—Ğ¾Ğ»Ğ¾Ñ‚Ğ°Ñ€ĞµĞ²Ğ°,6 tahun lalu,5,"(Diterjemahkan oleh Google) Pantai yang patut dikunjungi! Tempat atmosfer yang sangat menarik! Pantai ini terletak di ngarai yang indah. Ada mercusuar. Saat matahari terbenam, lautan surut menampakkan pemandangan romantis! Parkir besar. Luasnya dan keanehan tempat ini sungguh menakjubkan!

(Asli)
ĞŸĞ»ÑĞ¶, Ğ·Ğ°ÑĞ»ÑƒĞ¶Ğ¸Ğ²Ğ°ÑÑ‰Ğ¸Ğ¹ Ğ¿Ğ¾ÑĞµÑ‰ĞµĞ½Ğ¸Ñ! ĞÑ‡ĞµĞ½ÑŒ Ğ¸Ğ½Ñ‚ĞµÑ€ĞµÑĞ½Ğ¾Ğµ Ğ°Ñ‚Ğ¼Ğ¾ÑÑ„ĞµÑ€Ğ½Ğ¾Ğµ Ğ¼ĞµÑÑ‚Ğ¾ ! ĞŸĞ»ÑĞ¶ Ñ€Ğ°ÑĞ¿Ğ¾Ğ»Ğ¾Ğ¶ĞµĞ½ Ğ² Ğ¿Ğ°Ğ½Ğ¾Ñ€Ğ°Ğ¼Ğ½Ğ¾Ğ¼ ÑƒÑ‰ĞµĞ»ÑŒĞµ. Ğ•ÑÑ‚ÑŒ Ğ¼Ğ°ÑĞº. ĞĞ° Ğ·Ğ°ĞºĞ°Ñ‚Ğµ Ğ¾ĞºĞµĞ°Ğ½ Ğ¾Ñ‚ÑÑ‚ÑƒĞ¿Ğ°ĞµÑ‚ Ğ´ĞµĞ¼Ğ¾Ğ½ÑÑ‚Ñ€Ğ¸Ñ€ÑƒÑ Ñ€Ğ¾Ğ¼Ğ°Ğ½Ñ‚Ğ¸Ñ‡ĞµÑĞºĞ¸Ğµ Ğ¿ĞµĞ¹Ğ·Ğ°Ğ¶Ğ¸! Ğ‘Ğ¾Ğ»ÑŒÑˆĞ°Ñ Ğ¿Ğ°Ñ€ĞºĞ¾Ğ²ĞºĞ°. ĞŸÑ€Ğ¾ÑÑ‚Ğ¾Ñ€ Ğ¸ Ğ½ĞµĞ¾Ğ±Ñ‹Ñ‡Ğ½Ğ¾ÑÑ‚ÑŒ Ğ¼ĞµÑÑ‚Ğ° Ğ¿Ğ¾Ñ€Ğ°Ğ¶Ğ°ĞµÑ‚!"
Ade Rock,4 bulan lalu,5,"(Diterjemahkan oleh Google) Tenang dan santai

(Asli)
Tenang dan relaxing"
Arafah Badrul,6 tahun lalu,5,"(Diterjemahkan oleh Google) pemandangan indah, laut biru, terik matahari, bersih. tapi terlalu banyak turis. Terdapat restoran, toko es krim, dan toko suvenir di dekatnya. Anda bisa berjalan sedikit ke ujung pantai untuk mendapatkan spot privasi untuk sesi foto. Itu

(Asli)
nice view, blue sea, scorching hot sun, clean. but too many tourist. It has  restaurant, ice cream shop and sourvenir shops nearby. You can walk a bit to the end of the beach to have a privacy spot for a photo session. The"
Oka Mahendra,7 tahun lalu,5,"(Diterjemahkan oleh Google) Perkembangan baru yang menakjubkan dari pantai pasir putih. Aksesnya melalui bukit yang dibelah besar, mungkin akan dikembangkan untuk beberapa stasiun perbelanjaan wisata. Pantainya berpasir putih bersih dengan ombak biru bergelombang dan garis laut yang aduhai.

(Asli)
Wonderful new development white sand beach. The access is through a massive sliced hill, perhaps will be developed for some tourist shopping station. The beach is purely white sand with blue wavy wave and fantastic sea line."
Alena Piliasinskaia,3 tahun lalu,5,"(Diterjemahkan oleh Google) Tiket masuk ke wilayah ini 15k per orang dewasa, mobil 5k. Di sebelah kiri air mancur terdapat kursi berjemur dan warung. 2 kursi berjemur dan payung harganya 50rb, tapi kalau ambil sesuatu dari kafe, gratis. Ketemu ular air di pinggir pantai, hati-hati

(Asli)
Ğ’ÑŠĞµĞ·Ğ´ Ğ½Ğ° Ñ‚ĞµÑ€Ñ€Ğ¸Ñ‚Ğ¾Ñ€Ğ¸Ñ 15Ğº Ğ·Ğ° Ğ²Ğ·Ñ€Ğ¾ÑĞ»Ğ¾Ğ³Ğ¾ 5Ğº Ğ¼Ğ°ÑˆĞ¸Ğ½Ğ°. Ğ¡Ğ»ĞµĞ²Ğ°  Ğ¾Ñ‚ Ñ„Ğ¾Ğ½Ñ‚Ğ°Ğ½Ğ° ÑˆĞµĞ·Ğ»Ğ¾Ğ½Ğ³Ğ¸ Ğ¸ Ğ²Ğ°Ñ€ÑƒĞ½Ğ³Ğ¸. 2 ÑˆĞµĞ·Ğ»Ğ¾Ğ½Ğ³Ğ° Ğ¸ Ğ·Ğ¾Ğ½Ñ‚ ÑÑ‚Ğ¾ÑÑ‚ 50Ğº, Ğ½Ğ¾ ĞµÑĞ»Ğ¸ Ğ±Ñ€Ğ°Ñ‚ÑŒ Ñ‡Ñ‚Ğ¾-Ñ‚Ğ¾ Ğ² ĞºĞ°Ñ„Ğµ, Ñ‚Ğ¾ Ğ±ĞµÑĞ¿Ğ»Ğ°Ñ‚Ğ½Ğ¾. Ğ’ÑÑ‚Ñ€ĞµÑ‚Ğ¸Ğ»Ğ¸ Ğ²Ğ¾Ğ´ÑĞ½ÑƒÑ Ğ·Ğ¼ĞµÑ Ğ½Ğ° Ğ¿Ğ»ÑĞ¶Ğµ, Ğ±ÑƒĞ´ÑŒÑ‚Ğµ Ğ°ĞºĞºÑƒÑ€Ğ°Ñ‚Ğ½Ñ‹"
ĞĞ»ĞµĞºÑÑ–Ğ¹ ĞœĞ¸Ñ€Ğ¾ÑˆĞ½Ğ¸ĞºĞ¾Ğ²,7 tahun lalu,5,"(Diterjemahkan oleh Google) Salah satu pantai terbaik di Bali. Hamparan pasir putih lebar, air jernih. Jika Anda membawa sunbed (payung dan 2 sunbed harganya Rp 50.000), Anda bisa memesan makanan dan minuman di warung terdekat langsung di bawah payung. Ada persewaan perahu, kamar mandi gratis, dan banyak toko suvenir.

(Asli)
ĞĞ´Ğ¸Ğ½ Ğ¸Ğ· Ğ»ÑƒÑ‡ÑˆĞ¸Ñ… Ğ¿Ğ»ÑĞ¶ĞµĞ¹ Ğ‘Ğ°Ğ»Ğ¸. Ğ¨Ğ¸Ñ€Ğ¾ĞºĞ°Ñ Ğ¿ĞµÑÑ‡Ğ°Ğ½Ğ°Ñ Ğ»Ğ¸Ğ½Ğ¸Ñ Ğ±ĞµĞ»Ğ¾Ğ³Ğ¾ Ğ¿ĞµÑĞºĞ°, Ğ¿Ñ€Ğ¾Ğ·Ñ€Ğ°Ñ‡Ğ½Ğ°Ñ Ğ²Ğ¾Ğ´Ğ°. Ğ•ÑĞ»Ğ¸ Ğ²Ğ¾Ğ·ÑŒĞ¼Ñ‘Ñ‚Ğµ Ğ»ĞµĞ¶Ğ°Ğº (Ğ·Ğ¾Ğ½Ñ‚Ğ¸Ğº Ğ¸ 2 Ğ»ĞµĞ¶Ğ°ĞºĞ° ÑÑ‚Ğ¾ÑÑ‚ 50.000 IDR), Ñ‚Ğ¾ ÑĞ¼Ğ¾Ğ¶ĞµÑ‚Ğµ Ğ·Ğ°ĞºĞ°Ğ·Ğ°Ñ‚ÑŒ ĞµĞ´Ñƒ Ğ¸ Ğ½Ğ°Ğ¿Ğ¸Ñ‚ĞºĞ¸ Ğ¸Ğ· Ğ±Ğ»Ğ¸Ğ·Ğ»ĞµĞ¶Ğ°Ñ‰ĞµĞ³Ğ¾ Ğ²Ğ°Ñ€ÑƒĞ½Ğ³Ğ° Ğ¿Ñ€ÑĞ¼Ğ¾ Ğ¿Ğ¾Ğ´ Ğ·Ğ¾Ğ½Ñ‚Ğ¸Ğº. Ğ•ÑÑ‚ÑŒ Ğ¿Ñ€Ğ¾ĞºĞ°Ñ‚ Ğ»Ğ¾Ğ´Ğ¾Ñ‡ĞµĞº, Ğ±ĞµÑĞ¿Ğ»Ğ°Ñ‚Ğ½Ñ‹Ğµ Ğ´ÑƒÑˆĞ¸ Ğ¸ Ğ¼Ğ½Ğ¾Ğ¶ĞµÑÑ‚Ğ²Ğ¾ ÑÑƒĞ²ĞµĞ½Ğ¸Ñ€Ğ½Ñ‹Ñ… Ğ»Ğ°Ğ²Ğ¾Ğº."
Puspita Kamil,3 tahun lalu,5,"(Diterjemahkan oleh Google) Pantai berpasir putih yang sangat indah dan dikelola dengan baik oleh penduduk setempat dengan akses yang mudah. Kawasannya memang luas, tapi ini mungkin bias karena saat saya datang ke sini, pantainya belum begitu ramai. Pastikan Anda menyewa layanan lokal yang menyewakan papan dayung karena mereka sangat menderita akibat pandemi ini.

(Asli)
Very beautiful white sand beach and well-managed by the locals with easy access. The area is so big but this may be biased as when I came here, the beach was not so crowded. Make sure you hire the local service who rent paddle board as they suffered a lot from the pandemic."
rooocky afeez86,6 tahun lalu,5,"(Diterjemahkan oleh Google) Salah satu pantai terbaik yang pernah saya lihat. Sangat indah dan bersih di sini. Orang akan menghabiskan banyak waktu untuk berenang dan berkayak di sini. Di sekitar pantai juga terdapat banyak warung. Sambil menikmati minum kelapa, Anda juga bisa melihat-lihat pantai dan berfoto sebagai kenang-kenangan. Dibutuhkan waktu sekitar 20 menit dari pantai nusa dua dan saya sarankan Anda datang ke pantai pandawa. Di atas bukit juga terdapat papan nama yang akan Anda tuju terlebih dahulu. Abadikan momen seperti yang akan Anda ingat untuk waktu yang lama.

(Asli)
One of the best beaches i ever seen. Its so beautiful and clean in here.people will spend a lot of time to swim and kayaking in here. There were also a lot of stall around the beach. While you are enjoy drinking a coconut, you may also look around at the beach and took a picture as a memories. It took you about 20 minute from nusa dua beach which i suggest you to came pandawa beach. There were also a signboard that located above the hill that you will go first. Capture the moment as you will remember for a long time."
Hatinder Sangar,4 tahun lalu,5,"(Diterjemahkan oleh Google) Pergi di bulan Oktober... salah satu atraksi terbaik pantai Bali.. tidak ada angkutan umum untuk mencapai sana atau keluar dari sana jadi pastikan Anda mengatur taksi untuk masuk dan keluar.. ada pangkalan taksi di pantai tapi sangat mahal khususnya di malam hari..

(Asli)
Went in month of October... one of the best attractions of Bali beaches.. no public transport to reach there or get out from there so make sure you arrange your taxi for in and out.. there is a taxi stand on the beach but very expensive specially in the evening hours .."
Tenny Kristiana,3 tahun lalu,5,"(Diterjemahkan oleh Google) Pantai berbatu, jika ingin berenang lebih baik menuju ke timur. Anda bisa menaruh barang-barang Anda di semacam gua
Bagus sekali, ombaknya jauh lebih kuat dari pantai melasti
Makanan di sana tidak mahal
Untuk minuman Anda membayar 10k untuk sebotol dan indomie 15k per piring

(Asli)
Rocky beach, if you want to swim better to head east. You can put your stuff on the kinda like cave
It is really nice, wave is way stronger than melasti beach
Food isnâ€™t expensive there
For drink you pay 10k for a bottle and indomie 15k per plate"
Ery Winardy,3 bulan lalu,5,"(Diterjemahkan oleh Google) Suka pantai ini sangat bersih

(Asli)
Love this beach so clean"
Alex Constantin,3 bulan lalu,4,"(Diterjemahkan oleh Google) + Pintu masuk Gua yang spektakuler ke pantai, pasir yang sangat bagus, kesempatan untuk melihat monyet dan harga bagus!
- laut tidak indah

(Asli)
+Spectacular Cave entrance to the beach , very nice sand, chances to see monkeys and good prices!
-  ocean not beautiful"
deaniswari salsabilla,6 tahun lalu,3,"(Diterjemahkan oleh Google) Tempat ini sudah dikenal oleh wisatawan lokal &amp; mancanegara, disini anda bisa berselancar, menyewa kano, makan, berjemur, berenang.
Beberapa kios juga menjual oleh-oleh, dan jangan lupa membawa topi, sun lotion, karena di sini panas sekali... Ombak laut di sini cukup besar, Anda bisa mandi setelah berenang, berselancar di toilet

(Asli)
This place already known by local tourist &amp;international tourist, in here you can surfing, rent canoe, eating, sunbathing, swimming.
Some stall sell souvenirs too, and don't forget to bring hat, sun lotion, coz in here very hot... The wave of the sea in here was quite big, you can take a bath after swimming, surfing in toilet"
Pebrindanov Ginting,6 tahun lalu,5,"(Diterjemahkan oleh Google) Pantainya bersih dan indah. Letaknya di Badung Selatan. Dibutuhkan waktu satu jam dengan sepeda motor dari Denpasar. Ini tempat yang direkomendasikan untuk dikunjungi. Jalan menuju kesana dalam kondisi baik dan tidak berlubang. Selain itu, jalannya juga lebar. Namun harus hati-hati karena kondisi jalan yang seperti perbukitan.

(Asli)
The beach is clean and beautiful. It's located in South Badung. It takes an hour by motorbike from Denpasar. It's recommended place to visit. The road to get there is in good condition and no hole. Another that, the road is wide too.But, we must be careful because the condition of road is like the hills."
Steve Mavin,7 tahun lalu,5,"(Diterjemahkan oleh Google) Pemandangan luar biasa saat kedatangan &amp; pantainya sendiri adalah permata dengan air laut biru jernih &amp; banyak tempat untuk duduk, makan, minum, bergaul dengan penduduk setempat &amp; menikmati. Terdapat ombak yang bagus untuk peselancar di terumbu lepas pantai namun pantai ini aman untuk berenang karena airnya cukup tenang dan juga sangat menyegarkan. Pantai Pandawa agak terpencil, beberapa km di selatan Nusa Dua, tetapi layak untuk ditemukan.

(Asli)
Tremendous views on arrival &amp; the beach itself is a gem with clear blue ocean water &amp; plenty of places to sit, eat, drink, mingle with the locals &amp; enjoy. Thereâ€™s decent waves for surfers on the offshore reef but the beach is safe for swimming as the water is quite calm &amp; also very refreshing. Pandawa Beach is a bit out of the way a few kms south of Nusa Dua but itâ€™s worth finding."
Inder Singh,2 tahun lalu,4,"(Diterjemahkan oleh Google) pantai berpasir putih dan tenang di bali hanya ada sedikit orang yang berselancar dan banyak bus wisata Anda perlu membeli tiket untuk mengunjungi objek wisata tersebut..

(Asli)
white sandy and quite beach in bali there are few people surfing around and lot of tourist bus you need to buy a ticket to visit the attraction .."
Reece Benson,7 tahun lalu,4,"(Diterjemahkan oleh Google) Mengikuti tur skuter mandiri yang indah di jalan antara Nusa Dua dan Uluwata, saya memilih kencan buta dengan pantai bernama Pandawa. Jaraknya sekitar 12km/30 menit dari tempat Waterblow, dan portir hotel saya kemudian memberi tahu saya bahwa pantai ini baru menjadi populer dalam 5 tahun terakhir, setelah beberapa peselancar menjadikan tempat itu terkenal. Saya tidak tahu apakah itu benar atau tidak, tetapi perjalanan untuk melihat tempat itu pasti layak dilakukan.
Terdapat gerbang tol di bagian atas jalan menuju pantai, dan Anda akan dikenakan biaya Rp15k untuk mendapatkan akses. Ada pembangunan hotel besar-besaran yang sedang berlangsung di sebelah kiri Anda saat Anda turun, jadi jelas ini ditandai untuk pengembangan pariwisata lebih lanjut.
Pemandangan dari atas tebing sungguh menakjubkan. Ada beberapa dewa besar yang ditempatkan di dalam rongga berlubang di permukaan tebing di samping jalan.
Terdapat banyak tempat parkir untuk kendaraan, termasuk sejumlah bus yang mengangkut anak-anak sekolah dari berbagai usia ke pantai.
Airnya hangat dan sangat mengundang. Ada banyak kios makanan dan pakaian yang harus Anda lewati untuk turun ke area pantai, dan ini membentang di sepanjang tepi pantai di sebelah kiri Anda. Sepertinya ada banyak aktivitas air yang bisa Anda lakukan di sini, dan banyak peralatan yang bisa disewa untuk pekerjaan itu.
Saya memutuskan untuk berjalan ke ujung jalur pantai di sebelah kiri, dan dalam perjalanan kembali saya mencoba tongkol jagung bakar panas, yang rasanya cukup enak. Saat sedang mempelajari hal ini, saya didekati oleh 2 orang siswa, yang sedang mencari turis berbahasa Inggris untuk melakukan wawancara. Sebagai mantan guru TESOL, saya dengan senang hati membantu mereka, dan membalas beberapa pertanyaan kepada mereka.
Secara keseluruhan, bukan tempat yang buruk untuk berenang dan berselancar, karena terdapat sejumlah tempat selancar yang masuk akal dengan akses yang cukup mudah.

(Asli)
Taking a scenic self-guided scooter tour of the roads between Nusa Dua and Uluwata, I choose a blind date with a beach called Pandawa. It's about 12km/30mins from the Waterblow spot, and my hotel porter later tells me that this beach has really only become popular in the last 5 years, after some surfers made the place famous. I don't know whether that's true or not, but it's certainly worth the drive to take a look at the place.
There are toll gates at the top of the approach road down to the beach, and it'll cost you Rp15k to gain access. There is a massive looking hotel development underway on your left as you head down, so clearly it's marked for further tourism development.
The views from the top of the cliffs are stunning. There are some large deities placed inside hollowed out cavities in the cliff face beside the road.
There is plenty of parking for vehicles, including a bunch of buses that were taking school kids of various ages to the beach.
The water is warm and very inviting. There are lots of food and clothing stalls to work your way past to get down to the beach area, and these extend along the beach front to your left. Looks like there are plenty of water activities that you can do here, and lots of equipment to hire for the job.
I decide to walk to the end of the beach pathway on the left, and on my way back I try out a hot, barbequed corn cob, which is pretty tasty. While munching my way through this, I get approached by 2 lots of students, who are seeking out English speaking tourists to conduct interviews with. Being a former TESOL teacher myself, I was happy to help them out, and ask them a few questions back.
Overall, not a bad place to head for a swim and a surf, as there are a number of reasonable surf breaks with pretty easy access."
Zephyriousity Ph,5 tahun lalu,5,"(Diterjemahkan oleh Google) Saya telah melihat terlalu banyak pantai indah dari negara saya, Filipina. Namun Pantai Pandawa termasuk salah satu pantai paling Instagrammable di daftar saya. Airnya sempurna. Pemandangannya menakjubkan. Ada terapis pijat di mana-mana. Ini adalah tempat yang bagus untuk tinggal dan menjaga stres Anda sendiri.
Namun, area ganti pakaiannya kurang bagus.

(Asli)
I've seen too many beautiful beaches from my country, Philippines. But Pandawa Beach is included on one of the most Instagrammable beaches on my list. The water is perfect. The view is amazing. There are massage therapist everywhere. It is a good place to stay and keep your stress of yourself.
However, the change of clothes area wasn't that good."
Alea Film,6 tahun lalu,5,"(Diterjemahkan oleh Google) Cocok untuk yang punya keluarga dan anak, ombak tidak besar bersih, mudah cari makan dan parkir. Biaya masuk sekitar 10k-20k termasuk parkir.

(Asli)
Great for those with family and kids, no big wave clean, easy to find food and parking. Entrance fee about 10k-20k including parking."
Kevin Batubara,7 tahun lalu,5,"(Diterjemahkan oleh Google) Pantai Pandawa bisa disebut sebagai destinasi baru di Bali. Warna airnya biru, maksud saya biru dan sangat menenangkan. Pantai ini juga sangat panjang dan lebar sehingga mampu dikunjungi banyak pengunjung. Orang biasanya berjemur, berselancar, dan bermain kayak di pantai ini. Penduduk setempat menawarkan banyak tenda untuk disewa, bir dan makanan serta pijat tradisional. Yang membuat pantai Pandawa semakin menarik adalah adanya bukit batu besar yang berada di pinggir jalan di Pandawa. Banyak terdapat patung dewa-dewa besar (Hindu) yang ditempatkan di bukit batu tersebut. Kita bisa menghabiskan waktu sekitar 40 menit â€“ 1 jam dengan bersepeda dari Kuta menuju Pantai Pandawa.

(Asli)
Pandawa beach can be called as a new destination in Bali. The color of the water is blue, I mean literally blue and very relaxing. This beach is also very long and wide, so it is able to be visited by many visitors. People usually do sunbathing, surfing and kayaking in this beach. The locals offer many tents to rent, beer and food as well as traditional massage. What makes Pandawa beach more attracting is the big rock hill on the side of the road in Pandawa. There are many big gods (Hinduism) statues placed in the rock hills. We can spend around 40 minutes - 1 hour by bike from Kuta to Pandawa Beach."
idayati bilqish,5 tahun lalu,5,"(Diterjemahkan oleh Google) Mengunjungi pantai ini wajib dilakukan, terutama jika Anda bepergian dalam rombongan tur. Bisa sangat ramai di dekat gerbang masuk. Namun lebih tenang dan indah jika berjalan lebih jauh ke arah timur

(Asli)
Its a mandatory to visit this beach, esp when you travel in a group tour. Can be very crowded near the entrance gate. But more quiet and beautiful if you walk further to the east"
Azam Kamal,2 tahun lalu,4,"(Diterjemahkan oleh Google) Tempat pantai lainnya untuk berselancar ğŸ„â€â™‚ï¸ ğŸ„â€â™€ï¸ ğŸ„, berkano ğŸ›¶ di Bali. Ada spot baru yang terbuka di sana dengan jalan baru yang mereka bangun dengan memotong tebing ğŸ˜¬ğŸ˜¬. Saya bukan orang yang suka surfing/water sportâ€¦ hanya berkunjung untuk berfoto karena indahnya pemandangan di Pantai Pandawa ğŸ¥°ğŸ¥°.

(Asli)
Another beach spot you can surf ğŸ„â€â™‚ï¸ ğŸ„â€â™€ï¸ ğŸ„, canoeing ğŸ›¶ in Bali. There are new spot open there with a new road they build by cutting the cliff ğŸ˜¬ğŸ˜¬. Im not a surfing / water sport guyâ€¦ just visiting to take a few picture because of the beautiful scenery at Pandawa Beach ğŸ¥°ğŸ¥°."
Riki Hardi,6 tahun lalu,5,"(Diterjemahkan oleh Google) tempat ini sangat indah. luar biasa.. damai.. kamu bisa bersantai di area pantai. begitu banyak pilihan alternatif untuk dilakukan di sini.. snorkeling, berenang, scuba diving, berselancar.. berjalan-jalan di sekitar board walk, Anda dapat menikmati pemandangan setiap inci. banyak sekali patung-patung yang berhubungan dengan kisah epos Mahabarata. seperti dewi kunti, nakula, sadewa, dll.. berasa biru banget disini.. tentu saja pantainya juga biru banget.. air kristal biru bersih dimana-mana di pantai

(Asli)
this place so wonderful. amazing.. peacefully.. u can chill out in the beach area. so many alternatife choice to do in here.. snorkling, swimming, scuba diving, surfing.. take a walk arround the board walk, u can enjoy the view every inch. there so many statues related to mahabarata epic story. likes dewi kunti, nakula, sadewa, etc.. feel so blue in here.. of course the beach also so bluee.. blue clean crystal water everywhere on the beach"
S Mukunthan,6 tahun lalu,4,"(Diterjemahkan oleh Google) Pantai yang bagus dan indah untuk bersenang-senang. Di depan status pantai budaya Hindu Pandawa (à®ªà®à¯à®š à®ªà®¾à®£à¯à®Ÿà®µà®°à¯à®•à®³à¯) jangan lewatkan untuk melihatnya juga. Dari atas pantai terlihat bagus.

Dahulu kala Pantai Pandawa dikenal dengan nama ""Penyekjekkan"" Perubahan nama menjadi Pantai Pandawa didasari oleh sejarah isolasi Panca Pandawa selama 12 tahun di hutan dan Gua Gala-Gala. Demikian pula dengan upaya Masyarakat Kutuh dalam membelah batu, mulai tahun 1997 hingga tahun 2010 untuk melepaskan diri dari marginalisasi. Pada tahun 2012, kawasan ini diumumkan sebagai objek wisata untuk umum. Dengan penuh hormat, cahaya Pandawa yang dirasakan Masyarakat Kutuh bisa menyebar ke seluruh dunia.

(Asli)
Nice and beautiful beach to have fun. Infront of beach status of  Hindu culture Pandavas ( à®ªà®à¯à®š à®ªà®¾à®£à¯à®Ÿà®µà®°à¯à®•à®³à¯) don't miss to see those also. From top on beach looks nice.

A long time ago, Pandawa Beach was known as ""Penyekjekkan"" The change of its name into Pandawa beach was based on the history of Panca Pandawa isolation for 12 years at the jungle and Gala-Gala Cave. it is similar with the effort of Kutuh Society in splitting the rock, start from 1997 until 2010 to break away from the marginalization. In 2012, this area was announced as a tourism object for public. With a high regard, the light of Pandawa perceived by Kutuh Society could spread throughout the world."
Aaron Micheal,6 tahun lalu,5,"(Diterjemahkan oleh Google) Saya mengunjungi pantai ini beberapa bulan yang lalu, begitu indahnya air biru yang indah. Sayangnya kami pergi selama musim badai terlalu berbahaya untuk berenang atau mendekati air secara keseluruhan itu luar biasa untuk foto.

(Asli)
I visited this beach months ago so beautiful such nice blue water. Sadly we went during storm season was too dangerous to swim or get close to the water overall it was amazing for photos."
Ğ•ĞºĞ°Ñ‚ĞµÑ€Ğ¸Ğ½Ğ° Ğ©ĞµĞ³Ğ¾Ğ»ĞµĞ²Ğ°,6 tahun lalu,5,"(Diterjemahkan oleh Google) Tiket masuk 15.000 rupee per orang (75 rubel), 30.000 rupee untuk dua orang (150 rubel)
Banyak orang, sangat banyak. Pemandangannya indah.

(Asli)
Ğ’Ñ…Ğ¾Ğ´ 15000 Ñ€ÑƒĞ¿Ğ¸ Ñ Ñ‡ĞµĞ»Ğ¾Ğ²ĞµĞºĞ° (75 Ñ€ÑƒĞ±Ğ»ĞµĞ¹), 30000 Ñ€ÑƒĞ¿Ğ¸ Ğ·Ğ° Ğ´Ğ²Ğ¾Ğ¸Ñ… (150 Ñ€ÑƒĞ±Ğ»ĞµĞ¹)
ĞœĞ½Ğ¾Ğ³Ğ¾ Ğ½Ğ°Ñ€Ğ¾Ğ´Ñƒ, ĞºÑ€Ğ°Ğ¹Ğ½Ğµ Ğ¼Ğ½Ğ¾Ğ³Ğ¾. Ğ’Ğ¸Ğ´ ĞºÑ€Ğ°ÑĞ¸Ğ²Ñ‹Ğ¹."
Geetika Sharma,6 tahun lalu,5,"(Diterjemahkan oleh Google) Ini adalah pantai berbayar tetapi bernilai uang. Pantai ini sangat bersih dan airnya terlihat jernih.
Anda bisa melihat patung Pandawa saat pergi ke pantai. Pemandangan yang sangat bagus wajib dikunjungi jika Anda berkunjung ke Bali.

(Asli)
This is paid beach but worth of money. This beach is very clean and you can see crystal clear water.
You can see the statues of Pandawa while going to beach. Very good view must go if you visited to Bali."
Coach Iyu,3 tahun lalu,4,"(Diterjemahkan oleh Google) Spot terbaik untuk berfoto menurut saya adalah dari atas bukit ini, jadi anda bisa mengambil gambar secara luas dan mengabadikan keindahan pantai ini.

(Asli)
The best spot to take a picture i think is from this uphills, so you can take a wide picture and capture the beauty of this beach."
Kinjal Das,4 tahun lalu,5,"(Diterjemahkan oleh Google) Pantai Pandawa terletak di ujung paling selatan (Desa Kutuh) pulau Bali. Pantai indah ini memiliki akses jalan melalui koridor batu kapur. Dari atas Anda dapat menikmati pemandangan pantai dan Samudera Hindia yang megah &amp; menakjubkan. Dalam perjalanan turun Anda dapat melihat lengkungan berukir dalam dengan patung-patung yang menggambarkan karakter pahlawan lima pandawa dari Mahabharata, yang dikenal sebagai Pandawa Lima.
Enam patung batu putih tersebut adalah Dewi Kunti, sosok ibu dari epos tersebut, dan lima pahlawan: Dharmawangsa (juga dikenal sebagai Yudhistira), Bima, Arjuna, Nakula dan Sahadewa.

Berenang di pasir putih &amp; birunya air Samudera Hindia memberikan sensasi surgawi, juga aman untuk berenang. Salah satu pantai yang luas dan bersih di Bali, Indonesia. Tempat parkir luas, makanan, dan kamar mandi lokal tersedia.
Anda akan menikmati selancar, arung jeram, waterboarding, dan olahraga air lainnya di jalur barat Pantai Pandawa.
Pantai ini hanya berjarak sekitar 18 kilometer dari Bandara Internasional Ngurah Rai, Bali. Tempat yang wajib dikunjungi bagi pecinta pantai. ğŸ‘ğŸ‘ğŸ‘ğŸ‘ğŸ‘

(Asli)
Pandawa Beach is located at the very southern tip (Kutuh Village) of the Bali island. This wonderful beach has a road access through a limestone corridor. From the top you can enjoy majestic &amp; breathtaking views of the beach and Indian Ocean. On the way down you can see deeply carved arches with statues depicting hero characters of the five pandawas from Mahabharata, known as Pandawa Lima.
The six white stone statues are Dewi Kunti, the mother figure from the epic, and the five heroes: Dharmawangsa (also known as Yudhistira), Bima, Arjuna, Nakula and Sahadewa.

Swimming on the white sand &amp; blue water of Indian Ocean is a heavenly feeling, also safe for swimming. One of the spacious and clean beach in Bali, Indonesia. Huge parking lots, food and local shower room available.
You will get to enjoy surfing, rafting, waterboarding and more water sports at Western path of Pandawa Beach.
This beach is only about 18 kilometers from Ngurah Rai International Airport, Bali. Must visit place for beach lover. ğŸ‘ğŸ‘ğŸ‘ğŸ‘ğŸ‘"
David Rey,3 tahun lalu,5,"(Diterjemahkan oleh Google) sangat tenang selama musim pandemi, harapan akan segera membaik

(Asli)
very quite during pandemic season , hope will be better soon"
GRACE GOLENDO,3 tahun lalu,5,"(Diterjemahkan oleh Google) Pantai Pandawa adalah tempat terbaik untuk berefleksi bersama keluarga.  Pantai ini memiliki pemandangan laut berwarna biru yang menenangkan dan indah. Saat pertama kali tiba di Pantai Pandawa, Bali pada tahun 2017 saat liburan, saya merasakan teriknya sinar matahari. Namun, di saat yang sama angin bertiup ke seluruh tubuhku sehingga aku masih bisa menikmati suasananya.
Aku jadi teringat saat ayahku selalu memintaku menjadi panutannya untuk mengambil fotonya karena pantai terbersih ini adalah tempat yang bagus untuk berfoto dan juga instagram-able. Apalagi pantainya sangat luas dan saya tidak merasa terlalu ramai meski banyak orang.

(Asli)
Pandawa Beach was the best place to reflect with my family.  This beach had a calming and nice blue color sea view. When I arrived for the first time at Pandawa Beach, Bali in 2017 during holiday, I felt the intense heat of the sun. However, at the same time the wind blew over my body so I still could enjoy the atmosphere.
I remembered the moment that my father always asked me to be his role model to take his photos because this cleanest beach was a nice place to photoshoot as well as instagram-able. Moreover, the beach was so wide and I did not feel so crowded even though there were many people."
